is_hit,is_visualization,is_dash,start_distance,start_delay,pre_delay,mid_delay,post_delay,attack_size,attack_pattern,attack_count
0,1,0,724,0.605,0.206,0.432,0.171,209,5,4
1,0,1,834,0.201,0.167,0.22,0.319,189,1,5
1,0,0,745,0.539,0.234,0.835,0.415,190,2,6
0,1,0,826,0.333,0.368,0.792,0.188,187,4,7
1,0,1,1132,0.768,0.632,0.494,0.35,215,3,8
0,1,0,1321,0.825,0.346,0.662,0.168,253,2,1
0,1,1,659,0.218,0.474,0.844,0.189,226,3,2
1,0,1,850,0.92,0.223,0.206,0.166,181,1,3
1,1,0,1019,0.644,0.32,0.268,0.263,187,5,4
0,1,1,1270,0.353,0.693,0.328,0.291,185,4,5
0,1,0,1215,0.844,0.18,0.66,0.194,218,2,6
1,1,0,1054,0.804,0.61,0.885,0.639,234,3,7
1,0,0,1201,0.549,0.236,0.193,0.354,206,1,8
1,1,0,853,0.64,0.121,0.487,0.164,202,5,9
1,1,1,1335,0.303,0.576,0.644,0.472,219,4,10
0,0,1,823,0.544,0.181,0.165,0.398,208,5,3
1,0,1,660,0.777,0.497,0.752,0.199,195,4,4
0,1,1,1340,0.925,0.419,0.854,0.118,270,2,5
1,0,0,671,0.319,0.373,0.492,0.113,180,1,6
0,0,1,1134,0.578,0.236,0.158,0.572,228,3,7
1,1,0,1340,0.642,0.342,0.458,0.167,222,5,8
0,0,0,1162,0.492,0.456,0.607,0.463,204,4,9
0,0,1,1200,0.726,0.438,0.401,0.146,202,2,10
1,1,0,1090,0.57,0.373,0.316,0.221,202,1,11
1,1,1,639,0.823,0.124,0.118,0.198,266,3,12
0,0,0,1105,0.594,0.336,0.477,0.105,217,5,13
1,1,0,745,0.636,0.69,0.427,0.672,192,4,14
1,1,0,897,0.267,0.651,0.405,0.404,184,2,1
1,1,0,779,0.299,0.371,0.54,0.397,210,4,2
1,0,1,591,0.592,0.118,0.298,0.121,218,3,3
0,0,1,835,0.931,0.148,0.425,0.393,181,5,8
0,1,0,1121,0.723,0.3,0.164,0.604,224,4,9
1,1,0,651,0.542,0.302,0.102,0.331,178,1,10
1,1,1,1142,0.337,0.4,0.655,0.652,258,2,11
1,1,0,1466,0.996,0.661,0.713,0.298,262,2,1
1,0,0,950,0.804,0.335,0.69,0.416,258,3,2
1,0,0,1498,0.817,0.225,0.242,0.311,208,5,3
1,1,0,1300,0.85,0.208,0.204,0.261,215,1,4
0,0,0,818,0.25,0.381,0.381,0.56,191,4,5
0,0,0,1149,0.64,0.464,0.565,0.337,258,2,6
0,0,0,1135,0.75,0.137,0.876,0.601,269,3,7
1,1,0,1222,0.295,0.188,0.321,0.345,217,5,8
1,0,0,1325,0.251,0.164,0.16,0.183,187,1,9
0,1,0,931,0.412,0.144,0.233,0.144,203,1,1
0,0,1,847,0.962,0.32,0.721,0.409,256,3,2
0,1,0,608,0.423,0.29,0.422,0.197,216,1,5
1,1,0,1420,0.718,0.274,0.864,0.444,185,3,6
0,0,0,1128,0.556,0.397,0.273,0.298,218,5,7
0,1,0,1010,0.705,0.232,0.388,0.22,217,4,8
1,1,0,1107,0.233,0.47,0.162,0.173,176,2,9
0,0,0,693,0.77,0.27,0.472,0.172,207,1,10
1,1,0,1475,0.614,0.401,0.88,0.392,229,3,11
1,1,0,706,0.475,0.217,0.349,0.265,201,5,12
1,0,0,935,0.589,0.16,0.875,0.303,238,2,1
1,0,0,980,0.686,0.118,0.867,0.46,254,3,2
0,0,0,849,0.476,0.19,0.392,0.354,183,5,3
0,0,0,1138,0.364,0.537,0.249,0.26,210,4,4
1,0,0,1325,0.582,0.307,0.461,0.303,190,1,5
1,1,0,839,0.885,0.256,0.821,0.382,243,2,6
0,1,0,739,0.592,0.174,0.853,0.559,237,3,7
1,0,0,1113,0.539,0.242,0.194,0.476,210,4,5
1,1,1,1107,0.631,0.596,0.404,0.103,248,2,6
1,1,0,883,0.21,0.175,0.45,0.139,180,1,7
1,0,0,632,0.421,0.17,0.897,0.506,229,3,1
1,0,0,1137,0.628,0.551,0.278,0.129,189,4,2
0,1,0,722,0.938,0.266,0.41,0.29,215,2,3
1,1,0,532,0.891,0.103,0.253,0.1,189,5,4
0,1,0,1372,0.81,0.378,0.353,0.113,210,1,5
1,0,0,1161,0.3,0.263,0.507,0.134,270,3,6
1,0,0,1292,0.376,0.139,0.383,0.335,192,4,7
1,0,0,1006,0.803,0.562,0.232,0.689,226,2,8
1,0,0,1200,0.968,0.671,0.602,0.353,216,3,1
0,1,0,1185,0.674,0.319,0.275,0.252,180,5,2
0,0,0,1429,0.573,0.189,0.167,0.349,185,4,3
1,1,0,596,0.908,0.317,0.211,0.452,259,2,4
0,1,0,690,0.522,0.314,0.822,0.523,256,2,1
1,1,1,651,0.687,0.315,0.187,0.26,193,3,2
1,1,1,926,0.824,0.327,0.46,0.299,187,5,3
0,1,0,787,0.616,0.1,0.181,0.68,222,4,4
1,0,1,1245,0.333,0.137,0.293,0.235,209,1,5
0,1,0,1118,0.57,0.176,0.468,0.222,268,2,6
1,0,1,1343,0.715,0.677,0.273,0.434,262,3,7
1,0,0,1002,0.276,0.158,0.167,0.389,212,5,8
0,1,0,1316,0.893,0.218,0.573,0.484,209,4,9
0,0,1,1039,0.633,0.135,0.274,0.385,207,1,10
1,0,0,505,0.614,0.679,0.547,0.59,235,2,11
1,1,0,982,0.254,0.13,0.149,0.391,186,2,1
1,0,0,1481,0.499,0.238,0.11,0.294,182,1,2
0,0,0,1252,0.632,0.203,0.42,0.166,189,5,3
1,0,0,1476,0.902,0.37,0.383,0.451,244,3,4
0,0,1,1080,0.306,0.226,0.3,0.377,212,5,13
0,0,0,1241,0.985,0.247,0.602,0.46,223,3,14
0,1,1,1267,0.507,0.132,0.829,0.171,189,2,15
1,0,0,953,0.224,0.224,0.209,0.305,186,4,16
0,0,1,1308,0.547,0.353,0.368,0.175,198,1,17
0,1,0,878,0.529,0.147,0.109,0.647,214,4,1
1,1,0,1189,0.668,0.132,0.491,0.34,177,1,2
0,1,1,1047,0.474,0.352,0.263,0.159,210,5,3
0,1,0,1081,0.781,0.252,0.762,0.244,245,3,4
1,1,0,579,0.665,0.334,0.897,0.407,235,2,5
0,0,0,1390,0.43,0.557,0.236,0.55,198,4,6
1,0,1,1159,0.325,0.257,0.312,0.11,200,1,7
1,0,0,1148,0.371,0.141,0.159,0.108,224,5,8
1,1,0,989,0.784,0.223,0.164,0.285,235,3,9
1,1,1,1307,0.819,0.316,0.199,0.613,197,2,10
1,1,1,966,0.516,0.242,0.607,0.362,188,3,9
0,1,0,1247,0.335,0.538,0.15,0.65,229,2,10
1,0,1,775,0.605,0.316,0.106,0.482,207,4,11
0,1,0,602,0.317,0.58,0.811,0.345,175,4,1
0,0,0,663,0.485,0.149,0.441,0.2,195,1,2
0,1,0,1231,0.401,0.381,0.216,0.157,213,5,3
0,1,1,645,0.55,0.276,0.864,0.319,236,3,4
0,0,0,752,0.354,0.382,0.757,0.293,202,2,5
0,0,0,983,0.471,0.495,0.335,0.429,201,4,6
0,1,0,871,0.267,0.226,0.165,0.148,182,1,7
1,0,0,1097,0.367,0.133,0.132,0.378,219,5,8
1,0,1,1432,0.323,0.371,0.648,0.659,232,3,9
0,1,0,829,0.672,0.424,0.786,0.112,228,2,10
1,1,1,1160,0.368,0.449,0.675,0.153,187,4,11
1,0,1,863,0.44,0.173,0.13,0.344,198,1,12
1,1,1,1020,0.208,0.528,0.676,0.512,236,2,5
1,1,0,1388,0.931,0.69,0.833,0.297,208,4,6
1,0,0,1195,0.989,0.222,0.333,0.114,216,1,7
0,0,0,959,0.457,0.196,0.426,0.245,211,5,8
0,1,0,1424,0.53,0.211,0.526,0.475,208,3,9
1,0,0,830,0.609,0.274,0.427,0.329,201,2,10
1,1,0,1415,0.814,0.274,0.333,0.324,191,4,11
0,0,0,1158,0.597,0.1,0.519,0.523,201,4,1
1,1,0,1200,0.305,0.153,0.466,0.148,189,1,2
0,0,0,699,0.539,0.138,0.424,0.202,221,5,3
0,0,1,1250,0.404,0.201,0.197,0.136,266,3,4
1,1,0,1429,0.349,0.528,0.438,0.635,259,2,5
0,1,1,971,0.561,0.24,0.597,0.309,206,4,6
1,1,0,1405,0.909,0.101,0.313,0.33,196,1,7
1,1,0,662,0.392,0.396,0.297,0.371,214,5,8
1,1,1,1022,0.872,0.128,0.382,0.31,184,5,3
1,0,0,1371,0.318,0.234,0.512,0.528,212,4,4
1,1,1,535,0.735,0.428,0.398,0.192,235,2,5
0,1,1,1203,0.714,0.573,0.356,0.157,234,3,6
0,1,0,1391,0.295,0.183,0.289,0.385,197,1,7
0,0,0,1331,0.759,0.299,0.477,0.23,215,5,8
0,0,0,1145,0.703,0.667,0.525,0.285,220,4,9
1,0,1,1090,0.542,0.61,0.805,0.428,198,2,10
0,0,0,1230,0.318,0.217,0.814,0.441,184,3,11
1,0,0,737,0.745,0.338,0.337,0.319,213,1,12
1,1,1,711,0.222,0.352,0.123,0.136,216,5,13
0,0,0,688,0.576,0.222,0.844,0.21,205,4,1
0,0,1,782,0.221,0.212,0.227,0.257,185,1,2
0,0,0,635,0.35,0.213,0.458,0.205,218,5,3
1,1,1,619,0.917,0.279,0.832,0.423,212,3,4
0,0,0,1489,0.233,0.327,0.163,0.673,187,4,9
1,0,1,714,0.887,0.164,0.876,0.527,176,2,10
1,0,0,1322,0.891,0.243,0.405,0.651,192,3,11
0,0,0,579,0.649,0.467,0.865,0.532,253,3,1
1,1,1,794,0.61,0.334,0.433,0.139,189,1,2
1,1,0,1080,0.844,0.386,0.19,0.129,195,5,3
0,0,0,794,0.356,0.218,0.821,0.649,222,4,4
0,1,1,1115,0.681,0.605,0.552,0.528,214,2,5
1,1,0,1244,0.499,0.596,0.73,0.51,230,3,6
1,0,0,984,0.6,0.124,0.408,0.279,222,1,7
1,0,0,1411,0.567,0.155,0.297,0.227,213,5,8
0,0,0,1411,0.381,0.629,0.78,0.694,212,4,9
1,0,1,583,0.374,0.108,0.808,0.45,215,2,10
0,1,0,1093,0.351,0.169,0.581,0.418,184,3,1
0,0,1,1397,0.665,0.221,0.405,0.303,182,1,2
1,1,0,1238,0.425,0.349,0.553,0.26,243,3,1
1,0,1,1126,0.387,0.191,0.167,0.272,198,1,2
1,0,1,779,0.476,0.144,0.361,0.206,178,5,3
1,0,0,809,0.958,0.437,0.525,0.341,211,4,4
0,1,1,568,0.439,0.493,0.577,0.688,254,2,5
1,1,0,638,0.67,0.642,0.458,0.132,263,3,6
1,1,0,786,0.634,0.232,0.111,0.144,210,1,7
0,1,0,547,0.522,0.341,0.668,0.205,207,3,1
0,0,0,867,0.861,0.378,0.121,0.219,181,1,2
0,1,0,681,0.611,0.347,0.397,0.186,222,5,3
1,1,1,698,0.614,0.634,0.862,0.382,207,4,4
1,0,0,540,0.598,0.56,0.643,0.263,236,2,5
0,1,1,860,0.761,0.448,0.398,0.504,253,3,6
1,1,0,681,0.499,0.16,0.275,0.257,178,1,7
1,0,0,1402,0.367,0.242,0.206,0.13,196,5,8
0,1,1,533,0.897,0.251,0.342,0.174,223,4,6
1,1,0,1404,0.263,0.12,0.467,0.144,221,5,7
0,0,0,557,0.9,0.101,0.134,0.696,219,2,8
0,1,0,935,0.402,0.542,0.118,0.624,252,3,9
1,0,1,957,0.908,0.307,0.394,0.195,209,1,10
0,1,0,705,0.853,0.505,0.152,0.629,176,4,11
0,0,0,869,0.293,0.218,0.375,0.241,203,5,12
1,0,1,1461,0.326,0.168,0.821,0.483,225,2,13
1,0,0,1107,0.774,0.354,0.247,0.377,195,2,1
0,1,1,995,0.42,0.276,0.3,0.53,176,3,2
1,1,0,1210,0.365,0.334,0.152,0.258,193,5,3
1,0,1,909,0.337,0.481,0.818,0.302,222,4,4
1,1,1,1065,0.525,0.141,0.298,0.399,200,1,5
1,0,0,1366,0.938,0.181,0.7,0.164,267,2,6
1,0,1,1147,0.657,0.226,0.739,0.491,188,3,7
1,1,0,1333,0.296,0.1,0.435,0.578,266,2,3
0,0,1,964,0.451,0.377,0.758,0.467,229,3,4
0,0,1,556,0.713,0.358,0.264,0.194,218,1,5
0,0,1,902,0.268,0.108,0.403,0.358,190,4,6
0,0,1,807,0.202,0.103,0.365,0.146,204,5,7
0,0,1,972,0.743,0.386,0.674,0.604,196,2,8
1,0,1,1439,0.941,0.402,0.105,0.358,213,3,9
1,1,1,1193,0.771,0.292,0.255,0.388,198,1,10
0,1,0,558,0.315,0.188,0.244,0.428,214,4,11
1,1,1,588,0.667,0.263,0.22,0.278,180,5,12
1,0,0,595,0.384,0.386,0.127,0.184,206,4,1
1,0,1,1412,0.857,0.398,0.466,0.309,190,5,2
0,1,1,1031,0.213,0.515,0.519,0.624,247,2,3
0,0,1,866,0.837,0.152,0.621,0.128,241,3,4
1,0,0,1215,0.333,0.202,0.187,0.101,182,1,5
0,1,0,1113,0.564,0.395,0.317,0.395,189,1,9
0,1,0,1107,0.835,0.488,0.114,0.465,179,2,10
1,1,0,1073,0.433,0.182,0.334,0.155,222,5,11
0,0,0,1193,0.977,0.292,0.207,0.277,219,5,1
0,1,0,578,0.851,0.503,0.615,0.215,272,3,2
1,1,1,994,0.814,0.277,0.41,0.69,176,4,3
1,0,1,725,0.606,0.163,0.239,0.255,177,1,4
1,1,0,1327,0.487,0.208,0.185,0.254,258,2,5
1,0,1,1287,0.289,0.245,0.23,0.224,193,5,6
0,1,1,1358,0.684,0.144,0.703,0.685,272,3,7
1,0,1,1018,0.781,0.283,0.591,0.692,190,4,8
0,0,0,936,0.781,0.131,0.323,0.248,183,1,9
1,1,1,629,0.236,0.506,0.629,0.417,241,2,10
1,0,0,1409,0.664,0.52,0.792,0.212,223,4,1
1,1,1,501,0.817,0.277,0.298,0.118,180,5,2
1,1,1,1168,0.248,0.621,0.466,0.37,223,4,10
1,0,1,884,0.907,0.593,0.598,0.323,208,3,11
1,1,1,535,0.364,0.393,0.388,0.393,260,2,12
1,1,0,835,0.374,0.358,0.18,0.178,211,1,13
1,0,1,755,0.451,0.383,0.438,0.39,207,5,14
0,0,1,1429,0.204,0.384,0.64,0.29,194,4,15
1,0,1,1116,0.706,0.626,0.28,0.177,241,3,16
1,1,0,982,0.87,0.304,0.113,0.18,203,5,1
1,0,1,1074,0.799,0.172,0.218,0.478,237,3,2
0,0,0,1344,0.564,0.655,0.812,0.63,212,4,3
1,0,1,749,0.9,0.364,0.153,0.291,209,1,4
1,0,1,1167,0.98,0.242,0.595,0.406,272,2,5
0,1,0,787,0.711,0.245,0.279,0.155,216,5,6
1,0,1,1003,0.746,0.48,0.418,0.538,203,3,7
0,1,0,948,0.976,0.618,0.778,0.496,195,4,8
1,0,1,992,0.507,0.141,0.133,0.309,199,3,6
0,0,0,1355,0.746,0.101,0.479,0.466,242,2,7
0,0,0,784,0.209,0.331,0.118,0.327,187,1,8
1,0,1,819,0.576,0.273,0.277,0.297,201,5,9
0,0,0,1043,0.438,0.593,0.223,0.229,223,4,10
1,0,1,641,0.507,0.51,0.19,0.209,244,3,11
0,1,0,1435,0.893,0.479,0.739,0.236,188,3,1
0,1,0,932,0.494,0.419,0.674,0.239,254,2,2
0,1,1,1250,0.259,0.35,0.129,0.256,204,1,3
0,1,0,916,0.581,0.199,0.429,0.175,208,5,4
0,1,1,1354,0.545,0.371,0.273,0.229,209,4,5
0,1,1,1270,0.745,0.631,0.135,0.32,258,3,6
0,0,1,797,0.685,0.577,0.284,0.326,247,2,7
0,1,0,1235,0.531,0.363,0.491,0.353,177,1,8
0,1,0,1340,0.987,0.23,0.354,0.371,213,5,9
1,0,0,1412,0.562,0.115,0.813,0.504,256,2,9
0,0,0,611,0.882,0.209,0.178,0.42,199,3,1
0,0,0,923,0.719,0.548,0.145,0.529,185,4,2
0,1,0,620,0.443,0.252,0.315,0.343,199,5,3
1,0,0,550,0.496,0.182,0.193,0.428,261,2,4
1,1,1,631,0.927,0.166,0.213,0.367,207,1,5
1,0,1,727,0.799,0.583,0.65,0.569,190,3,6
1,0,1,1089,0.656,0.243,0.709,0.655,203,4,7
1,0,1,994,0.428,0.227,0.407,0.376,195,5,8
1,1,0,767,0.604,0.68,0.753,0.655,228,2,9
1,1,0,535,0.384,0.114,0.482,0.293,241,3,1
0,1,1,715,0.909,0.297,0.34,0.437,178,2,2
0,0,0,833,0.706,0.306,0.214,0.179,193,1,3
1,0,1,1110,0.264,0.253,0.111,0.196,210,5,4
1,0,0,983,0.678,0.541,0.59,0.223,192,4,5
1,1,1,1178,0.311,0.226,0.456,0.243,216,4,4
0,0,0,997,0.949,0.265,0.355,0.341,214,1,5
1,0,0,960,0.754,0.282,0.731,0.146,271,2,6
0,0,0,1425,0.791,0.48,0.32,0.521,208,3,7
1,0,1,1226,0.467,0.147,0.359,0.109,190,5,8
1,1,0,994,0.493,0.634,0.466,0.456,221,4,9
0,1,0,688,0.587,0.401,0.499,0.678,255,2,1
1,1,0,1261,0.456,0.455,0.673,0.698,180,3,1
0,0,1,1371,0.941,0.594,0.247,0.695,187,4,2
1,0,0,667,0.237,0.247,0.381,0.376,185,5,3
1,1,0,578,0.578,0.318,0.152,0.214,255,2,4
1,0,0,1376,0.41,0.301,0.41,0.311,216,1,5
0,1,1,1264,0.625,0.239,0.414,0.241,225,3,6
0,1,0,765,0.454,0.65,0.872,0.641,187,4,7
1,1,0,753,0.645,0.15,0.457,0.166,209,5,8
1,0,0,766,0.371,0.53,0.575,0.314,211,3,3
0,0,0,987,0.841,0.323,0.482,0.395,236,2,4
1,1,0,1240,0.752,0.136,0.176,0.172,182,5,5
0,0,0,935,0.226,0.567,0.21,0.51,181,4,6
0,1,1,773,0.865,0.132,0.273,0.131,178,1,7
1,1,0,1371,0.301,0.611,0.537,0.106,228,3,8
0,1,0,807,0.237,0.558,0.267,0.286,228,2,9
1,1,0,957,0.303,0.249,0.446,0.149,179,5,10
0,0,1,518,0.869,0.298,0.133,0.42,195,4,11
0,0,0,1144,0.771,0.389,0.268,0.275,209,1,12
0,1,0,712,0.999,0.605,0.868,0.653,256,3,13
1,0,0,898,0.969,0.666,0.525,0.258,199,2,14
1,1,0,886,0.347,0.374,0.712,0.666,206,2,1
1,1,0,522,0.449,0.213,0.307,0.275,261,3,2
0,1,0,547,0.376,0.307,0.191,0.369,221,5,3
1,1,0,1443,0.547,0.331,0.87,0.603,215,4,4
1,1,0,1081,0.975,0.397,0.483,0.364,200,1,5
1,1,0,1466,0.434,0.553,0.25,0.613,266,3,6
1,0,0,982,0.831,0.206,0.788,0.686,192,2,7
1,1,0,1440,0.699,0.304,0.383,0.237,186,5,8
0,1,0,1437,0.662,0.306,0.432,0.507,177,4,1
0,1,0,1028,0.865,0.125,0.111,0.667,239,3,2
0,0,0,1326,0.951,0.354,0.495,0.14,175,5,3
1,1,0,883,0.851,0.575,0.873,0.24,220,2,4
0,0,0,848,0.203,0.256,0.499,0.212,185,1,5
0,1,0,1416,0.413,0.124,0.339,0.522,184,4,6
1,0,0,1218,0.313,0.127,0.262,0.368,240,3,7
1,1,0,752,0.72,0.102,0.272,0.396,202,5,8
0,0,0,550,0.982,0.19,0.302,0.446,179,4,1
1,0,0,786,0.519,0.246,0.182,0.15,209,1,2
0,0,0,777,0.508,0.667,0.393,0.412,213,4,11
1,0,0,602,0.347,0.353,0.181,0.178,213,4,1
0,0,0,813,0.574,0.527,0.371,0.167,210,2,2
0,0,0,1049,0.513,0.195,0.233,0.332,177,5,3
1,1,0,844,0.265,0.245,0.266,0.237,178,1,4
0,0,0,893,0.653,0.182,0.269,0.677,225,3,5
0,1,0,1450,0.509,0.145,0.388,0.394,204,4,6
1,1,0,1271,0.261,0.131,0.525,0.198,253,2,7
1,0,0,851,0.257,0.375,0.243,0.143,200,5,8
1,0,0,914,0.693,0.138,0.326,0.258,219,1,9
0,0,1,771,0.669,0.194,0.761,0.574,247,3,10
1,0,0,1329,0.526,0.36,0.156,0.157,206,4,11
0,1,0,1088,0.216,0.357,0.388,0.16,216,3,1
1,1,0,549,0.429,0.332,0.886,0.266,176,2,2
0,1,0,588,0.375,0.137,0.483,0.313,202,5,3
1,1,0,950,0.888,0.32,0.2,0.261,211,1,5
0,0,0,730,0.398,0.593,0.894,0.371,225,2,6
1,0,1,1127,0.873,0.438,0.206,0.192,257,3,7
0,0,0,1142,0.494,0.227,0.339,0.387,185,5,8
1,0,0,675,0.555,0.63,0.489,0.441,224,4,9
1,0,0,1011,0.401,0.453,0.128,0.264,198,4,1
0,0,0,1086,0.439,0.297,0.467,0.477,247,3,2
0,1,0,1167,0.402,0.226,0.435,0.363,181,5,3
0,0,0,1452,0.308,0.541,0.253,0.391,183,2,4
0,0,0,1037,0.574,0.164,0.118,0.324,215,1,5
0,1,0,864,0.48,0.695,0.625,0.237,201,4,6
1,0,0,552,0.49,0.543,0.18,0.308,242,3,7
0,1,0,1439,0.494,0.236,0.198,0.385,191,5,8
1,0,0,1496,0.657,0.184,0.878,0.516,237,2,9
1,0,0,1284,0.995,0.262,0.491,0.39,210,1,10
1,1,0,848,0.754,0.218,0.3,0.269,199,5,14
0,1,0,1257,0.993,0.671,0.456,0.595,235,2,1
0,1,0,524,0.907,0.534,0.383,0.478,195,3,2
0,0,0,736,0.314,0.216,0.561,0.331,223,4,3
0,0,0,802,0.739,0.33,0.213,0.353,182,5,4
0,1,0,957,0.721,0.354,0.221,0.367,183,1,5
1,1,0,1023,0.452,0.232,0.11,0.168,267,2,6
1,1,0,900,0.396,0.299,0.704,0.661,240,3,7
0,0,0,842,0.866,0.604,0.123,0.657,198,4,8
0,1,0,907,0.585,0.372,0.447,0.378,175,5,9
1,0,0,1195,0.8,0.394,0.207,0.228,184,1,10
1,0,0,1158,0.254,0.305,0.431,0.27,180,2,1
0,0,0,582,0.429,0.587,0.63,0.692,240,3,2
1,0,0,1058,0.963,0.362,0.406,0.174,207,5,3
1,1,0,708,0.222,0.696,0.764,0.652,222,4,4
1,0,0,1185,0.872,0.326,0.218,0.362,223,5,7
1,1,0,915,0.848,0.192,0.855,0.267,178,3,8
1,1,0,673,0.533,0.266,0.447,0.164,193,4,1
0,1,0,1210,0.69,0.533,0.22,0.497,184,2,2
0,0,0,1203,0.899,0.356,0.329,0.153,203,1,3
1,0,0,1011,0.313,0.24,0.206,0.107,195,5,4
1,0,1,806,0.316,0.591,0.842,0.516,234,3,5
0,1,0,679,0.239,0.285,0.514,0.375,215,4,6
0,0,0,1102,0.602,0.38,0.498,0.358,229,2,7
0,1,0,1294,0.795,0.321,0.234,0.378,204,1,8
1,0,0,678,0.301,0.388,0.297,0.246,191,5,9
0,1,1,872,0.597,0.669,0.718,0.323,188,3,10
0,1,0,872,0.249,0.663,0.419,0.226,180,4,11
1,0,0,1379,0.295,0.128,0.146,0.269,274,2,12
0,0,0,704,0.391,0.395,0.291,0.289,191,1,13
0,1,0,678,0.742,0.684,0.309,0.344,234,2,1
0,1,0,757,0.27,0.699,0.421,0.353,184,3,2
0,1,0,1423,0.836,0.355,0.353,0.364,186,5,3
1,1,0,1321,0.548,0.359,0.299,0.115,197,1,4
0,1,0,583,0.991,0.471,0.336,0.565,215,4,5
0,1,0,1217,0.222,0.666,0.852,0.393,234,2,6
0,1,0,1053,0.743,0.372,0.768,0.304,200,3,7
1,0,0,615,0.303,0.299,0.428,0.244,199,5,8
1,1,0,1397,0.474,0.165,0.273,0.158,176,1,9
0,0,0,571,0.213,0.457,0.767,0.569,225,2,1
1,0,0,558,0.601,0.15,0.24,0.399,175,5,2
1,0,0,1294,0.353,0.276,0.366,0.684,201,3,3
0,0,1,600,0.326,0.243,0.17,0.616,198,4,4
0,1,0,735,0.404,0.325,0.456,0.311,181,1,5
1,1,0,732,0.26,0.649,0.657,0.106,273,2,6
1,0,0,1038,0.735,0.327,0.315,0.151,220,5,6
1,1,0,1108,0.358,0.329,0.662,0.435,234,2,7
0,0,0,1290,0.679,0.441,0.7,0.651,266,2,1
1,1,0,1477,0.919,0.606,0.765,0.181,177,4,2
1,1,0,1122,0.848,0.102,0.354,0.144,179,5,3
1,0,1,1045,0.569,0.211,0.178,0.208,180,1,4
1,1,0,1092,0.975,0.573,0.127,0.54,214,3,5
1,0,1,1426,0.273,0.319,0.151,0.15,215,2,6
1,1,0,1027,0.218,0.667,0.117,0.15,200,4,7
1,1,0,904,0.293,0.373,0.28,0.192,208,1,1
1,1,0,872,0.812,0.259,0.3,0.151,255,2,2
1,0,0,542,0.472,0.119,0.51,0.568,223,4,3
1,1,1,524,0.723,0.407,0.308,0.481,242,3,4
1,0,0,1243,0.924,0.13,0.22,0.295,182,5,5
1,0,1,1485,0.731,0.292,0.14,0.166,203,1,6
0,0,0,558,0.44,0.276,0.288,0.342,222,1,1
0,1,0,614,0.472,0.505,0.274,0.355,223,4,2
0,0,0,507,0.8,0.405,0.139,0.587,177,3,3
0,0,0,705,0.905,0.494,0.47,0.348,188,2,4
1,1,0,977,0.806,0.127,0.317,0.263,198,5,5
0,0,0,1262,0.84,0.395,0.231,0.235,183,1,6
0,1,0,1483,0.616,0.326,0.574,0.175,177,4,7
0,1,0,1307,0.68,0.458,0.601,0.216,263,3,8
1,1,0,932,0.571,0.6,0.33,0.119,193,2,9
1,1,0,779,0.496,0.128,0.113,0.215,177,5,10
1,0,0,519,0.69,0.126,0.394,0.149,213,5,1
1,0,0,877,0.385,0.476,0.466,0.692,263,2,2
1,0,0,939,0.693,0.233,0.226,0.224,189,4,3
1,1,1,1172,0.534,0.322,0.204,0.163,183,1,4
0,0,0,1063,0.763,0.267,0.447,0.356,273,3,5
0,0,0,829,0.884,0.219,0.433,0.231,192,1,4
1,1,1,817,0.351,0.7,0.794,0.167,246,2,7
1,1,0,1345,0.843,0.311,0.401,0.666,184,3,5
0,0,0,805,0.793,0.217,0.428,0.365,196,1,8
0,1,0,557,0.422,0.334,0.505,0.463,219,2,6
1,0,0,1266,0.339,0.363,0.451,0.229,216,4,7
1,0,0,726,0.286,0.598,0.569,0.606,239,3,9
1,0,0,919,0.424,0.213,0.119,0.236,195,5,10
1,0,0,937,0.457,0.374,0.294,0.3,195,5,8
1,0,1,1045,0.531,0.576,0.232,0.29,211,4,11
0,0,0,1289,0.836,0.239,0.454,0.359,188,1,9
1,0,1,1405,0.874,0.274,0.806,0.66,249,3,10
0,0,0,524,0.836,0.597,0.665,0.264,253,2,11
1,1,0,1181,0.652,0.212,0.209,0.17,193,4,12
1,1,1,1373,0.838,0.269,0.194,0.116,184,5,13
0,0,1,1154,0.355,0.166,0.186,0.345,176,1,3
1,1,0,1204,0.658,0.131,0.442,0.561,254,3,4
1,0,0,517,0.408,0.283,0.301,0.113,214,5,5
1,0,1,692,0.322,0.392,0.207,0.279,195,4,6
1,1,1,1263,0.39,0.397,0.629,0.132,242,2,7
1,0,1,1381,0.772,0.108,0.112,0.177,209,1,8
0,0,0,1135,0.247,0.647,0.465,0.487,185,4,1
0,1,0,528,0.365,0.192,0.274,0.614,193,2,2
1,0,0,1329,0.827,0.231,0.21,0.209,220,1,3
0,0,0,1166,0.422,0.255,0.481,0.509,183,2,1
0,1,0,1219,0.722,0.606,0.757,0.487,179,3,4
0,1,0,1095,0.343,0.416,0.604,0.238,180,4,2
0,0,0,652,0.841,0.291,0.104,0.163,191,5,5
0,1,0,668,0.904,0.147,0.439,0.367,194,5,3
1,0,0,1458,0.976,0.693,0.485,0.539,209,4,6
1,1,0,1078,0.327,0.27,0.463,0.154,186,1,3
0,0,0,1391,0.679,0.204,0.466,0.369,210,5,8
0,1,1,556,0.3,0.454,0.179,0.528,218,3,4
0,1,0,573,0.998,0.129,0.256,0.397,187,2,9
1,1,0,1453,0.215,0.14,0.33,0.292,201,5,5
0,1,0,1108,0.449,0.281,0.396,0.299,215,1,10
0,0,0,1393,0.863,0.221,0.132,0.522,204,4,6
0,1,0,1185,0.497,0.295,0.346,0.447,240,3,11
0,0,1,1086,0.432,0.387,0.606,0.127,228,2,7
1,1,1,510,0.857,0.1,0.11,0.26,176,1,8
0,1,0,842,0.285,0.502,0.775,0.397,261,3,9
0,1,0,1436,0.983,0.129,0.161,0.368,213,5,10
1,1,1,850,0.582,0.247,0.843,0.134,187,4,11
0,1,0,1150,0.314,0.114,0.122,0.217,187,4,1
1,0,0,1164,0.734,0.328,0.874,0.454,217,2,2
1,0,0,1499,0.634,0.551,0.8,0.269,213,4,1
1,1,0,605,0.841,0.314,0.202,0.167,215,1,2
1,0,1,746,0.405,0.314,0.484,0.325,222,3,3
1,0,0,1050,0.974,0.116,0.159,0.141,209,5,4
1,1,1,1287,0.616,0.4,0.21,0.645,217,2,5
1,0,0,1075,0.805,0.535,0.8,0.28,207,4,6
0,1,0,1214,0.965,0.149,0.482,0.543,224,3,1
0,0,0,687,0.795,0.685,0.283,0.631,183,4,2
0,1,0,753,0.629,0.394,0.178,0.387,178,5,3
1,0,0,1362,0.258,0.435,0.686,0.582,200,2,4
0,0,0,1128,0.834,0.309,0.374,0.218,199,1,5
0,0,0,967,0.703,0.536,0.787,0.162,182,4,1
0,1,0,519,0.68,0.579,0.405,0.11,233,3,6
0,1,1,1010,0.474,0.105,0.861,0.453,216,2,2
0,1,0,1359,0.439,0.692,0.736,0.159,213,4,7
1,1,0,779,0.572,0.451,0.762,0.195,224,3,11
1,1,0,581,0.438,0.692,0.121,0.651,222,2,1
0,1,0,665,0.421,0.263,0.457,0.217,210,5,2
1,0,1,866,0.459,0.277,0.122,0.6,201,3,3
0,0,0,1079,0.324,0.43,0.366,0.592,208,4,4
0,0,1,821,0.837,0.368,0.469,0.314,219,1,5
1,1,1,1359,0.435,0.404,0.126,0.233,187,2,6
0,1,0,537,0.991,0.319,0.102,0.304,198,5,7
0,1,0,1208,0.436,0.383,0.804,0.645,185,3,8
0,1,1,1058,0.764,0.551,0.714,0.687,191,4,9
0,1,0,559,0.698,0.391,0.312,0.383,217,1,10
1,0,1,733,0.346,0.353,0.509,0.423,206,2,11
1,0,0,1043,0.293,0.241,0.129,0.186,190,5,12
0,1,0,1171,0.748,0.541,0.527,0.114,180,3,13
1,1,1,896,0.885,0.34,0.143,0.62,184,4,14
1,0,0,1242,0.556,0.231,0.116,0.3,197,1,2
0,1,1,1487,0.962,0.137,0.658,0.609,249,2,6
0,0,0,751,0.667,0.298,0.255,0.287,221,5,3
1,1,1,712,0.907,0.361,0.204,0.193,199,5,7
1,0,0,1274,0.38,0.203,0.337,0.108,183,4,4
0,0,0,632,0.607,0.241,0.243,0.586,205,2,5
0,1,1,1394,0.923,0.396,0.102,0.573,202,3,8
0,1,0,1321,0.898,0.163,0.628,0.452,245,3,6
0,1,0,1249,0.67,0.294,0.41,0.489,219,4,9
0,0,0,603,0.812,0.105,0.486,0.311,219,1,7
1,1,1,821,0.944,0.302,0.156,0.107,203,1,10
0,0,0,1113,0.207,0.225,0.467,0.342,216,5,8
1,1,1,820,0.898,0.198,0.437,0.656,182,2,11
0,1,0,658,0.93,0.556,0.243,0.508,207,4,9
1,0,0,1266,0.917,0.611,0.302,0.666,254,2,10
0,0,0,1170,0.761,0.384,0.127,0.183,187,5,7
1,0,0,950,0.682,0.218,0.812,0.233,212,3,10
0,1,0,575,0.503,0.536,0.555,0.27,208,3,8
0,0,0,1096,0.654,0.478,0.834,0.483,189,4,9
0,0,0,1472,0.286,0.141,0.253,0.109,181,1,10
1,0,1,1036,0.566,0.545,0.48,0.208,262,2,11
0,0,0,835,0.697,0.329,0.394,0.347,198,5,12
1,1,0,1362,0.566,0.172,0.28,0.425,216,3,13
1,0,1,1425,0.761,0.459,0.375,0.428,208,4,14
0,1,0,606,0.593,0.291,0.185,0.221,255,2,1
1,1,1,1407,0.506,0.158,0.142,0.351,189,5,2
1,0,0,1396,0.906,0.255,0.848,0.26,200,3,3
0,0,0,665,0.923,0.389,0.619,0.363,190,4,4
1,0,0,1194,0.971,0.32,0.214,0.143,197,1,5
0,0,0,1344,0.503,0.303,0.592,0.7,179,3,1
1,0,0,1277,0.603,0.514,0.607,0.54,206,2,1
1,0,0,1260,0.944,0.129,0.349,0.221,180,5,2
0,0,0,560,0.206,0.496,0.438,0.207,189,4,3
1,1,0,1410,0.544,0.271,0.293,0.3,267,2,1
0,0,0,749,0.307,0.302,0.396,0.399,218,1,4
0,1,0,944,0.733,0.273,0.26,0.387,183,5,2
1,1,0,1250,0.29,0.25,0.308,0.156,204,3,5
0,1,1,1297,0.368,0.687,0.515,0.266,249,3,3
1,0,0,934,0.339,0.518,0.867,0.389,219,2,6
0,1,0,950,0.257,0.283,0.197,0.668,222,4,4
1,0,0,776,0.311,0.315,0.482,0.1,196,5,7
0,1,1,915,0.517,0.189,0.343,0.171,211,1,5
0,0,1,1285,0.524,0.1,0.802,0.418,222,4,8
0,0,0,1053,0.375,0.122,0.835,0.497,192,2,6
0,1,0,1406,0.853,0.334,0.447,0.3,214,1,9
1,1,0,1207,0.627,0.696,0.588,0.664,224,4,6
0,1,0,1334,0.588,0.574,0.693,0.452,270,2,7
1,0,0,1207,0.691,0.582,0.254,0.488,202,3,8
0,1,0,1331,0.407,0.647,0.225,0.616,212,4,1
1,0,1,1373,0.786,0.207,0.371,0.29,205,5,9
0,0,0,506,0.561,0.552,0.707,0.136,208,2,2
0,1,0,1029,0.62,0.149,0.39,0.348,177,5,3
0,0,0,695,0.874,0.112,0.583,0.331,239,3,4
1,1,0,643,0.299,0.105,0.199,0.374,175,1,5
1,1,1,1458,0.799,0.358,0.371,0.547,185,4,6
1,0,0,1030,0.708,0.228,0.626,0.411,202,2,7
1,1,0,1340,0.452,0.203,0.171,0.28,194,5,8
0,1,1,716,0.22,0.637,0.434,0.594,273,3,9
1,1,0,1114,0.307,0.141,0.143,0.363,195,1,10
1,0,1,592,0.985,0.503,0.838,0.523,176,4,11
1,0,1,981,0.654,0.408,0.839,0.262,181,4,19
1,0,0,1054,0.702,0.238,0.225,0.105,219,1,12
1,0,0,925,0.349,0.126,0.194,0.197,203,1,1
0,1,1,814,0.96,0.233,0.687,0.331,268,2,2
1,0,0,1353,0.359,0.699,0.448,0.305,184,3,3
0,0,1,642,0.961,0.458,0.237,0.637,207,4,4
1,1,1,1174,0.927,0.374,0.475,0.122,224,5,5
1,0,1,929,0.7,0.31,0.2,0.14,202,1,6
1,1,0,798,0.949,0.619,0.593,0.365,202,4,1
1,1,0,1223,0.331,0.356,0.782,0.451,238,2,7
0,0,1,1462,0.231,0.663,0.251,0.27,253,2,2
1,0,0,1475,0.413,0.179,0.149,0.322,186,3,3
1,1,1,931,0.772,0.622,0.761,0.359,184,3,8
0,0,0,1409,0.793,0.245,0.238,0.293,180,5,4
1,1,0,1070,0.915,0.265,0.342,0.287,224,1,5
1,0,1,799,0.28,0.126,0.55,0.341,180,2,12
1,0,1,1498,0.262,0.106,0.455,0.675,178,3,4
1,0,0,1317,0.563,0.53,0.297,0.387,222,3,13
0,0,0,689,0.541,0.28,0.47,0.265,187,5,5
0,1,1,1461,0.734,0.571,0.541,0.461,182,4,14
0,0,0,1232,0.999,0.355,0.542,0.533,195,4,6
0,1,0,841,0.746,0.102,0.496,0.385,216,5,15
0,0,0,1206,0.844,0.112,0.436,0.344,210,1,7
0,1,1,874,0.784,0.304,0.458,0.306,200,1,16
0,0,1,1173,0.368,0.35,0.616,0.625,191,2,8
0,1,0,1264,0.907,0.455,0.182,0.441,177,2,17
0,0,1,1374,0.392,0.427,0.103,0.432,190,3,9
1,1,0,1075,0.327,0.162,0.124,0.278,204,5,10
1,0,0,1089,0.988,0.319,0.118,0.183,248,3,18
1,0,1,779,0.926,0.608,0.329,0.28,205,4,11
1,1,1,990,0.626,0.397,0.151,0.158,218,1,21
0,0,0,899,0.658,0.19,0.309,0.295,201,1,1
1,0,1,874,0.824,0.358,0.575,0.572,201,2,2
0,0,1,655,0.666,0.667,0.794,0.221,206,3,3
0,1,0,1352,0.828,0.613,0.155,0.589,208,4,4
0,1,0,899,0.817,0.252,0.395,0.224,194,5,5
0,0,1,638,0.225,0.327,0.271,0.117,186,1,6
0,1,1,1368,0.693,0.693,0.845,0.342,175,2,7
0,1,0,1123,0.221,0.176,0.49,0.46,253,3,8
0,0,1,1203,0.551,0.204,0.336,0.405,210,4,9
0,0,0,589,0.495,0.151,0.336,0.259,183,5,10
1,0,0,1340,0.648,0.265,0.307,0.655,219,4,1
0,1,1,949,0.527,0.266,0.47,0.278,186,1,2
1,1,1,533,0.369,0.255,0.382,0.228,215,1,11
1,1,1,1174,0.445,0.571,0.761,0.166,229,2,3
0,1,1,810,0.614,0.62,0.654,0.694,189,4,9
1,1,0,1366,0.609,0.498,0.73,0.325,189,4,7
0,1,0,645,0.451,0.175,0.386,0.352,201,5,10
0,1,1,644,0.924,0.135,0.379,0.263,202,5,8
0,1,1,954,0.477,0.34,0.303,0.3,204,1,11
1,0,0,1136,0.686,0.451,0.846,0.632,215,3,9
0,1,0,1495,0.892,0.359,0.737,0.357,195,2,12
1,1,0,582,0.313,0.272,0.235,0.29,189,3,13
0,0,0,1429,0.448,0.673,0.882,0.512,195,4,14
1,0,1,958,0.594,0.363,0.364,0.109,216,5,15
1,1,1,999,0.82,0.183,0.397,0.332,180,1,16
1,1,1,1423,0.565,0.316,0.29,0.668,226,2,17
0,0,1,803,0.685,0.671,0.269,0.539,253,3,18
0,1,1,1111,0.697,0.297,0.802,0.532,177,4,19
0,0,0,875,0.669,0.328,0.245,0.305,221,5,20
1,1,0,966,0.497,0.488,0.255,0.26,202,2,7
0,1,0,880,0.9,0.106,0.303,0.245,200,1,1
0,0,0,796,0.616,0.467,0.691,0.223,241,2,2
0,1,1,944,0.836,0.247,0.438,0.258,188,3,3
0,0,1,735,0.52,0.455,0.627,0.117,223,4,4
1,0,0,1227,0.438,0.195,0.192,0.676,230,2,1
0,0,1,828,0.761,0.288,0.307,0.336,202,5,5
1,1,0,587,0.907,0.382,0.747,0.693,194,4,2
1,1,0,890,0.91,0.251,0.148,0.282,190,1,6
1,1,1,1341,0.396,0.276,0.223,0.277,224,5,3
0,1,1,1017,0.746,0.608,0.136,0.263,226,2,7
0,0,0,1316,0.55,0.142,0.508,0.462,176,3,4
0,1,0,1432,0.443,0.121,0.262,0.231,193,1,5
0,1,0,852,0.751,0.528,0.329,0.51,260,3,8
1,0,0,747,0.412,0.401,0.755,0.55,198,2,6
0,0,1,591,0.333,0.165,0.735,0.383,202,3,3
0,1,1,1205,0.755,0.156,0.168,0.167,188,5,4
1,1,1,1136,0.213,0.108,0.173,0.135,224,1,5
1,1,1,1053,0.42,0.123,0.217,0.195,181,2,6
1,0,1,1356,0.921,0.194,0.85,0.279,206,4,7
1,1,1,1411,0.475,0.403,0.711,0.289,239,3,8
1,1,1,580,0.803,0.138,0.43,0.146,210,5,9
0,1,1,1444,0.598,0.183,0.44,0.258,204,1,10
1,0,0,1442,0.644,0.306,0.528,0.363,199,2,11
1,1,0,503,0.957,0.256,0.822,0.228,181,4,1
1,0,0,555,0.515,0.616,0.636,0.422,230,2,2
1,0,0,725,0.398,0.158,0.323,0.257,176,5,3
0,1,1,959,0.961,0.202,0.182,0.205,223,1,4
1,0,0,1285,0.224,0.389,0.512,0.594,239,3,5
1,0,1,1054,0.361,0.236,0.413,0.654,194,4,6
0,1,1,1005,0.917,0.288,0.388,0.408,178,2,6
1,1,0,1126,0.675,0.584,0.302,0.16,215,4,1
1,0,0,873,0.452,0.278,0.395,0.432,204,4,7
0,1,0,684,0.839,0.51,0.125,0.549,266,3,2
1,1,0,635,0.59,0.367,0.272,0.191,220,1,3
1,1,1,685,0.789,0.169,0.7,0.568,246,3,8
1,0,0,1324,0.256,0.265,0.445,0.124,186,5,9
0,0,0,1235,0.363,0.487,0.245,0.629,184,2,4
1,0,0,751,0.413,0.139,0.147,0.203,183,5,5
1,1,1,874,0.471,0.19,0.271,0.237,214,1,10
1,1,1,1387,0.636,0.412,0.231,0.39,194,4,6
1,1,0,1482,0.659,0.653,0.324,0.518,268,3,7
1,1,1,1344,0.856,0.172,0.329,0.312,184,1,8
0,0,0,1382,0.984,0.591,0.893,0.42,234,2,1
0,0,1,1177,0.99,0.405,0.884,0.479,224,4,2
0,0,1,593,0.978,0.327,0.166,0.196,272,2,11
0,0,0,960,0.547,0.438,0.377,0.474,183,4,12
1,0,1,605,0.874,0.379,0.299,0.558,254,2,8
1,0,0,1040,0.785,0.144,0.324,0.553,250,3,9
0,0,1,774,0.988,0.216,0.354,0.238,230,3,13
0,1,0,690,0.687,0.287,0.103,0.382,188,5,14
1,0,1,885,0.878,0.256,0.124,0.126,200,1,15
1,0,0,905,0.408,0.313,0.424,0.139,210,2,16
0,1,1,611,0.834,0.198,0.883,0.475,194,4,17
1,0,1,843,0.537,0.361,0.828,0.51,230,3,18
1,1,0,592,0.584,0.552,0.529,0.562,271,2,1
1,1,0,679,0.317,0.261,0.743,0.169,208,4,2
0,1,1,762,0.625,0.343,0.611,0.531,234,3,3
0,1,0,947,0.727,0.361,0.473,0.218,202,5,4
0,0,1,1012,0.313,0.245,0.371,0.29,204,1,5
0,0,0,1113,0.739,0.167,0.259,0.377,247,3,3
0,0,1,935,0.703,0.393,0.428,0.208,184,5,4
0,0,1,1112,0.929,0.313,0.292,0.328,178,1,5
1,1,0,759,0.454,0.229,0.416,0.279,184,5,1
0,0,1,1295,0.33,0.299,0.893,0.299,232,2,6
1,1,1,1093,0.751,0.492,0.255,0.229,223,4,2
0,0,0,892,0.243,0.664,0.43,0.512,214,4,7
0,1,0,1208,0.381,0.429,0.162,0.57,242,2,3
0,1,0,1337,0.745,0.291,0.543,0.686,241,3,4
0,0,0,615,0.805,0.68,0.822,0.385,246,3,8
0,1,1,1120,0.937,0.213,0.233,0.275,217,1,5
1,1,1,613,0.238,0.131,0.347,0.365,194,5,9
1,0,0,636,0.484,0.369,0.184,0.248,206,5,6
1,1,0,793,0.521,0.232,0.316,0.256,206,1,10
1,1,0,1330,0.798,0.182,0.772,0.67,188,4,7
0,0,0,1131,0.982,0.467,0.68,0.505,247,3,6
1,0,0,613,0.363,0.205,0.18,0.293,189,5,7
1,0,1,920,0.81,0.379,0.869,0.613,219,2,8
1,1,1,814,0.539,0.202,0.825,0.308,210,4,9
1,0,0,652,0.589,0.357,0.825,0.665,207,2,1
0,1,0,1360,0.986,0.227,0.509,0.561,198,4,2
0,1,1,681,0.727,0.428,0.621,0.244,225,3,3
1,0,0,566,0.482,0.249,0.34,0.209,197,5,4
1,0,1,757,0.876,0.119,0.171,0.12,203,1,5
1,1,0,569,0.405,0.406,0.134,0.16,233,2,6
1,0,0,1151,0.658,0.554,0.152,0.242,177,4,7
0,0,1,1167,0.526,0.139,0.391,0.337,273,3,8
1,0,0,583,0.371,0.395,0.456,0.204,193,5,9
1,1,0,1453,0.341,0.186,0.24,0.386,188,2,1
0,0,1,1456,0.885,0.43,0.527,0.347,199,4,2
1,1,0,789,0.863,0.16,0.29,0.198,179,5,5
0,0,0,1248,0.729,0.107,0.326,0.309,216,1,6
0,1,0,773,0.731,0.49,0.39,0.162,258,3,7
0,0,0,844,0.754,0.333,0.265,0.54,190,4,8
1,0,0,950,0.59,0.186,0.137,0.138,189,1,1
1,1,0,1146,0.956,0.349,0.728,0.692,241,3,2
1,1,0,1385,0.704,0.271,0.178,0.63,219,4,3
1,0,0,1285,0.244,0.642,0.886,0.393,222,2,4
1,0,0,656,0.25,0.359,0.443,0.283,207,5,5
1,1,0,1457,0.926,0.247,0.446,0.209,188,1,6
0,0,0,743,0.295,0.457,0.58,0.572,234,3,1
1,1,1,951,0.554,0.308,0.251,0.238,211,5,2
0,0,0,1124,0.876,0.484,0.1,0.419,177,2,3
1,1,0,878,0.88,0.555,0.455,0.24,212,4,4
1,0,1,1064,0.694,0.156,0.462,0.232,187,1,5
1,1,1,1027,0.287,0.59,0.581,0.28,217,4,19
1,1,1,821,0.464,0.163,0.462,0.173,215,1,20
0,0,0,817,0.931,0.235,0.708,0.245,210,2,1
1,0,1,1052,0.377,0.309,0.253,0.4,185,1,2
1,0,1,1216,0.727,0.139,0.131,0.168,205,5,3
0,0,0,997,0.538,0.461,0.273,0.167,180,4,4
1,0,0,1170,0.821,0.586,0.437,0.322,212,3,5
0,1,0,912,0.867,0.606,0.395,0.394,226,2,6
0,1,1,1029,0.55,0.144,0.158,0.228,193,1,7
1,1,0,685,0.659,0.361,0.31,0.247,203,5,8
0,1,0,581,0.829,0.249,0.164,0.569,197,4,9
0,0,0,1031,0.26,0.107,0.445,0.205,206,1,1
1,0,0,1120,0.386,0.546,0.307,0.583,212,3,2
0,0,0,836,0.259,0.63,0.226,0.496,188,4,3
1,0,0,580,0.232,0.545,0.546,0.13,202,2,4
0,1,1,878,0.242,0.424,0.795,0.415,190,4,4
0,0,1,1434,0.482,0.191,0.225,0.308,179,1,5
0,1,0,701,0.803,0.48,0.702,0.353,184,2,6
0,1,1,1002,0.919,0.288,0.278,0.351,185,5,7
0,0,1,1108,0.746,0.101,0.765,0.62,205,3,8
1,0,1,888,0.683,0.552,0.389,0.658,218,4,9
1,0,1,1339,0.33,0.352,0.463,0.273,214,1,10
1,1,1,1435,0.626,0.409,0.362,0.291,267,2,11
0,1,1,600,0.572,0.129,0.251,0.299,184,5,12
0,0,1,1339,0.395,0.325,0.769,0.334,268,3,13
1,1,1,1365,0.325,0.345,0.403,0.203,214,4,14
0,1,0,1155,0.252,0.249,0.267,0.179,191,1,15
0,1,1,1009,0.88,0.469,0.31,0.547,243,2,16
0,0,1,1411,0.575,0.35,0.111,0.31,213,5,17
0,1,1,856,0.969,0.659,0.405,0.249,208,3,18
1,0,1,641,0.437,0.279,0.296,0.129,192,3,4
1,1,0,778,0.709,0.419,0.651,0.398,205,4,5
1,1,0,630,0.292,0.281,0.272,0.264,180,1,6
1,0,1,1089,0.762,0.548,0.848,0.336,213,2,7
1,0,0,1012,0.758,0.377,0.339,0.323,223,1,1
1,0,1,674,0.624,0.274,0.652,0.107,180,2,2
1,1,0,554,0.967,0.165,0.42,0.225,221,5,3
1,0,1,984,0.776,0.384,0.242,0.421,236,3,4
1,0,0,1337,0.506,0.615,0.824,0.374,181,4,5
0,0,1,1496,0.304,0.127,0.396,0.124,216,1,6
0,0,0,961,0.827,0.223,0.749,0.523,235,2,7
1,0,0,844,0.341,0.362,0.146,0.127,175,5,8
0,0,0,1193,0.324,0.166,0.847,0.343,246,2,1
0,0,1,694,0.717,0.321,0.237,0.188,185,5,2
0,1,1,743,0.577,0.35,0.609,0.492,185,3,3
1,0,1,908,0.576,0.467,0.349,0.345,266,3,2
0,1,1,749,0.818,0.248,0.212,0.201,194,5,3
0,1,0,1015,0.309,0.492,0.252,0.651,243,2,4
0,1,0,1023,0.995,0.21,0.46,0.128,221,1,5
1,0,1,586,0.809,0.629,0.804,0.176,210,4,6
0,0,1,745,0.853,0.594,0.635,0.31,182,3,7
1,0,1,975,0.727,0.394,0.436,0.196,189,5,8
0,1,0,594,0.842,0.473,0.759,0.495,194,2,9
1,0,1,1031,0.762,0.239,0.346,0.389,204,1,10
1,1,1,1096,0.345,0.522,0.839,0.355,215,4,11
0,0,0,578,0.383,0.454,0.212,0.637,224,3,12
1,0,1,836,0.4,0.175,0.154,0.359,176,5,13
1,1,0,878,0.748,0.2,0.377,0.394,201,1,1
0,0,0,732,0.256,0.317,0.419,0.651,180,2,2
1,1,0,596,0.691,0.116,0.397,0.332,191,5,3
0,1,0,1269,0.69,0.341,0.423,0.424,263,2,9
0,0,0,636,0.371,0.251,0.165,0.383,193,1,10
1,0,0,963,0.94,0.51,0.821,0.161,187,4,11
0,1,0,610,0.542,0.222,0.747,0.386,194,4,1
0,1,0,1267,0.623,0.258,0.558,0.188,220,3,2
1,0,0,1498,0.978,0.214,0.125,0.11,201,5,3
1,0,1,761,0.594,0.137,0.174,0.114,227,2,4
0,0,0,581,0.363,0.277,0.309,0.138,210,1,5
0,1,1,857,0.563,0.295,0.38,0.539,209,4,6
1,0,0,1000,0.944,0.661,0.42,0.359,206,3,7
1,1,0,688,0.431,0.224,0.233,0.101,183,5,8
0,1,1,1103,0.499,0.461,0.465,0.6,179,2,9
0,1,1,1082,0.721,0.212,0.482,0.246,212,1,10
0,0,0,581,0.204,0.665,0.814,0.109,183,4,11
0,1,0,1358,0.928,0.108,0.549,0.541,191,4,1
0,0,0,655,0.347,0.495,0.82,0.591,264,3,7
1,0,1,1227,0.419,0.313,0.141,0.176,197,5,8
0,0,0,666,0.933,0.552,0.682,0.125,195,2,9
0,0,0,1072,0.779,0.14,0.477,0.351,182,1,10
0,0,1,1376,0.254,0.615,0.364,0.538,219,4,11
1,0,0,1460,0.817,0.332,0.796,0.631,240,3,12
1,1,1,916,0.564,0.354,0.435,0.112,213,5,13
0,1,0,794,0.544,0.42,0.596,0.631,206,4,1
0,1,1,1207,0.821,0.524,0.892,0.484,204,3,2
0,1,1,1278,0.433,0.235,0.419,0.386,191,5,3
1,0,0,1359,0.652,0.679,0.292,0.391,186,2,4
0,1,0,1260,0.887,0.388,0.156,0.225,192,1,5
0,0,1,1131,0.42,0.376,0.213,0.167,212,4,6
0,0,0,970,0.563,0.305,0.293,0.546,183,3,7
1,0,1,597,0.363,0.208,0.395,0.159,212,5,8
1,1,1,1032,0.557,0.22,0.798,0.661,220,3,2
0,1,1,1217,0.313,0.348,0.884,0.339,266,2,3
1,0,0,561,0.594,0.611,0.127,0.187,208,4,4
0,0,1,1494,0.482,0.382,0.124,0.315,190,1,5
1,1,1,950,0.576,0.298,0.462,0.387,179,5,6
1,1,0,1403,0.57,0.198,0.174,0.273,206,3,7
1,0,1,1273,0.509,0.386,0.216,0.558,217,2,8
0,0,1,1205,0.213,0.56,0.487,0.296,220,4,9
1,1,1,1102,0.249,0.123,0.385,0.192,218,1,10
0,0,0,511,0.685,0.402,0.137,0.287,205,4,1
0,0,1,864,0.966,0.36,0.191,0.236,185,3,2
0,1,0,939,0.264,0.132,0.356,0.362,202,5,3
0,0,0,924,0.91,0.549,0.429,0.561,251,2,4
0,1,0,525,0.749,0.325,0.432,0.38,183,1,5
0,1,1,1416,0.453,0.445,0.645,0.112,207,4,6
1,1,0,848,0.535,0.232,0.139,0.228,201,1,5
0,0,1,1040,0.577,0.263,0.464,0.138,208,5,6
0,0,0,504,0.256,0.427,0.437,0.268,180,3,7
1,0,0,706,0.459,0.197,0.417,0.102,256,2,8
1,1,1,1269,0.512,0.452,0.149,0.238,219,4,9
1,1,0,506,0.633,0.337,0.18,0.217,200,1,10
1,1,0,1157,0.81,0.389,0.225,0.297,210,5,1
1,1,0,1245,0.902,0.287,0.134,0.454,268,3,2
0,0,0,1143,0.243,0.162,0.737,0.517,223,2,3
1,0,0,1323,0.539,0.224,0.101,0.455,218,4,4
1,0,0,681,0.52,0.277,0.176,0.381,202,1,5
0,0,1,1202,0.831,0.108,0.427,0.133,182,5,6
1,0,1,738,0.246,0.482,0.798,0.157,274,3,7
1,1,1,1098,0.737,0.536,0.826,0.644,202,2,8
0,0,0,863,0.703,0.109,0.118,0.163,199,5,1
0,0,0,1083,0.72,0.186,0.487,0.242,191,4,8
1,1,1,602,0.711,0.255,0.478,0.13,263,2,8
0,0,0,1207,0.546,0.339,0.128,0.346,192,1,9
0,0,0,500,0.523,0.247,0.854,0.292,217,4,9
1,0,0,1488,0.883,0.248,0.123,0.55,267,2,10
0,0,1,1121,0.822,0.116,0.103,0.373,194,1,10
0,1,0,966,0.997,0.299,0.105,0.286,203,5,11
0,0,0,1194,0.955,0.312,0.324,0.305,185,5,11
0,1,0,1199,0.846,0.375,0.592,0.631,270,3,12
1,0,1,753,0.673,0.286,0.391,0.152,194,3,12
1,1,1,701,0.249,0.118,0.544,0.521,188,4,13
1,0,0,1176,0.634,0.304,0.492,0.387,208,5,1
0,0,0,621,0.788,0.31,0.455,0.485,274,3,2
0,1,1,684,0.686,0.672,0.174,0.567,193,2,3
1,0,0,689,0.917,0.569,0.406,0.533,198,4,4
1,1,0,583,0.699,0.441,0.349,0.519,245,3,7
1,1,0,1280,0.206,0.152,0.379,0.18,222,5,1
0,1,0,517,0.773,0.142,0.25,0.353,176,5,1
0,1,1,614,0.639,0.348,0.248,0.348,259,3,2
1,1,0,822,0.392,0.298,0.421,0.279,259,3,2
0,0,0,1206,0.902,0.462,0.802,0.224,219,4,3
1,0,0,657,0.423,0.202,0.46,0.25,246,2,3
0,0,1,1000,0.291,0.203,0.291,0.312,196,1,4
0,1,1,1289,0.752,0.643,0.835,0.326,197,4,4
0,0,0,512,0.853,0.606,0.356,0.165,204,2,5
0,1,0,1195,0.685,0.288,0.209,0.182,204,1,5
1,0,0,576,0.482,0.239,0.322,0.329,202,5,6
0,1,0,1482,0.363,0.199,0.2,0.363,197,5,6
0,0,1,1440,0.649,0.248,0.261,0.12,199,3,7
1,0,1,1115,0.628,0.684,0.465,0.243,228,3,7
1,1,1,1346,0.776,0.151,0.134,0.141,219,1,4
1,0,1,730,0.958,0.428,0.19,0.145,230,2,6
1,1,0,1262,0.598,0.198,0.287,0.198,194,2,5
0,1,1,1009,0.227,0.202,0.357,0.2,181,4,7
1,0,1,1215,0.996,0.221,0.467,0.186,203,5,6
1,1,1,1151,0.608,0.187,0.416,0.369,207,1,8
1,0,1,1200,0.468,0.169,0.655,0.157,238,3,7
1,0,1,1084,0.452,0.299,0.6,0.448,235,3,9
1,1,0,831,0.307,0.124,0.203,0.315,214,4,8
1,1,0,1288,0.28,0.17,0.461,0.391,194,5,1
1,0,0,1189,0.631,0.289,0.128,0.578,207,3,2
1,1,0,617,0.423,0.638,0.528,0.205,219,4,3
1,1,0,1355,0.691,0.157,0.377,0.394,185,1,4
0,1,1,1288,0.799,0.436,0.431,0.667,256,2,5
1,0,1,1392,0.398,0.278,0.456,0.135,197,5,6
1,1,1,955,0.229,0.373,0.372,0.106,176,1,8
0,1,1,1041,0.451,0.127,0.718,0.192,217,3,9
0,1,0,1347,0.937,0.214,0.425,0.275,207,5,10
0,0,0,1274,0.981,0.169,0.447,0.272,265,2,11
0,0,0,1316,0.901,0.451,0.646,0.652,183,4,12
1,1,1,871,0.516,0.308,0.188,0.194,221,1,13
1,0,0,660,0.21,0.656,0.892,0.553,205,3,14
0,1,0,909,0.84,0.21,0.379,0.157,206,2,1
1,1,1,869,0.455,0.686,0.853,0.662,211,4,2
0,0,0,1276,0.975,0.262,0.275,0.383,180,1,3
0,0,0,732,0.275,0.29,0.102,0.165,187,5,1
1,1,1,1212,0.538,0.656,0.184,0.22,272,3,2
1,0,1,774,0.73,0.331,0.372,0.128,244,3,4
1,1,1,1073,0.789,0.212,0.235,0.125,175,5,5
0,0,1,1401,0.39,0.562,0.81,0.695,224,4,3
0,1,1,802,0.599,0.529,0.671,0.662,269,3,4
1,0,0,562,0.259,0.398,0.35,0.211,186,5,5
0,0,1,1057,0.406,0.606,0.713,0.163,207,2,6
0,1,0,1141,0.921,0.348,0.57,0.474,183,4,7
0,0,1,953,0.202,0.122,0.361,0.319,222,1,8
1,1,0,986,0.398,0.186,0.209,0.173,249,3,9
0,1,1,974,0.806,0.147,0.241,0.371,189,5,10
1,0,0,673,0.645,0.252,0.749,0.293,267,2,11
0,1,0,818,0.831,0.134,0.819,0.319,182,2,1
0,1,0,949,0.643,0.241,0.457,0.631,181,4,2
1,0,1,1389,0.661,0.165,0.169,0.36,183,1,3
1,0,0,688,0.607,0.684,0.785,0.427,175,3,4
1,1,0,1143,0.902,0.324,0.376,0.324,217,5,5
0,0,1,1484,0.953,0.671,0.571,0.355,191,2,6
0,1,1,824,0.647,0.254,0.509,0.647,185,4,7
1,1,1,1127,0.698,0.172,0.387,0.277,176,5,5
1,0,0,1009,0.75,0.228,0.63,0.447,178,2,6
0,1,1,965,0.595,0.543,0.488,0.454,183,4,7
1,1,1,706,0.691,0.109,0.135,0.216,214,1,8
0,1,0,708,0.555,0.303,0.806,0.314,260,3,9
0,0,1,1196,0.421,0.217,0.223,0.205,176,5,10
0,1,1,876,0.818,0.128,0.49,0.128,191,2,11
1,0,0,767,0.404,0.581,0.35,0.149,210,4,12
0,0,1,856,0.565,0.107,0.449,0.37,219,1,13
0,0,1,1458,0.832,0.497,0.266,0.456,187,3,14
0,0,1,847,0.439,0.303,0.259,0.139,219,5,15
1,0,0,1127,0.4,0.32,0.446,0.27,265,2,16
0,1,0,1228,0.323,0.573,0.627,0.242,252,2,1
0,1,1,1152,0.307,0.134,0.84,0.121,191,4,2
1,0,1,672,0.754,0.12,0.411,0.127,217,1,3
1,0,0,662,0.968,0.32,0.32,0.282,196,5,12
0,1,0,685,0.53,0.491,0.534,0.169,219,4,1
0,1,0,929,0.95,0.202,0.362,0.181,193,5,2
0,1,0,1045,0.543,0.2,0.484,0.389,179,1,3
1,1,0,756,0.806,0.319,0.719,0.412,262,2,4
1,1,1,853,0.354,0.238,0.345,0.172,242,3,5
0,1,0,729,0.693,0.595,0.453,0.548,199,4,6
1,1,0,1325,0.379,0.247,0.172,0.198,218,5,7
1,0,1,1279,0.277,0.325,0.447,0.138,185,1,8
1,0,1,1401,0.786,0.284,0.799,0.477,200,2,9
1,0,0,679,0.364,0.323,0.893,0.445,234,3,10
0,1,0,936,0.776,0.399,0.706,0.45,177,2,1
0,1,0,1216,0.98,0.228,0.441,0.195,203,4,2
0,0,1,1423,0.436,0.217,0.308,0.209,187,1,3
1,1,1,1047,0.76,0.544,0.647,0.141,218,3,4
1,1,0,1377,0.649,0.153,0.15,0.317,180,5,10
1,1,1,623,0.384,0.688,0.659,0.615,193,2,11
1,0,0,674,0.525,0.375,0.798,0.637,189,3,12
0,1,1,656,0.747,0.294,0.331,0.289,187,1,13
0,0,0,1127,0.366,0.634,0.467,0.491,177,4,1
0,0,0,1438,0.618,0.367,0.397,0.184,177,5,2
0,0,0,724,0.464,0.353,0.255,0.367,197,1,3
0,0,0,862,0.824,0.519,0.185,0.382,191,2,4
1,1,0,1425,0.542,0.329,0.191,0.22,274,3,5
0,1,1,870,0.572,0.559,0.565,0.516,214,4,6
0,0,0,1409,0.794,0.224,0.214,0.4,199,5,7
1,1,0,1368,0.433,0.395,0.456,0.315,209,1,8
1,0,1,830,0.558,0.641,0.557,0.242,194,2,9
1,0,0,1263,0.407,0.367,0.419,0.586,234,3,10
0,0,1,1324,0.618,0.429,0.844,0.108,198,4,11
1,1,1,678,0.328,0.418,0.156,0.183,227,2,11
1,1,0,980,0.669,0.436,0.134,0.185,247,3,12
0,1,0,713,0.455,0.167,0.349,0.393,205,1,13
1,1,0,893,0.207,0.337,0.751,0.452,222,4,14
0,1,0,959,0.322,0.376,0.157,0.397,188,5,15
1,0,0,880,0.525,0.245,0.867,0.154,195,2,16
0,1,0,570,0.324,0.63,0.683,0.458,224,2,1
0,1,0,1063,0.537,0.64,0.87,0.386,210,3,2
0,1,0,759,0.515,0.392,0.495,0.116,220,1,3
0,1,1,913,0.963,0.588,0.709,0.409,188,4,4
1,1,0,1249,0.895,0.341,0.224,0.163,213,5,5
1,0,1,1465,0.96,0.24,0.591,0.523,205,2,6
0,1,0,1239,0.651,0.648,0.466,0.282,202,3,7
0,1,1,761,0.91,0.138,0.488,0.281,190,1,8
0,1,0,894,0.268,0.379,0.445,0.456,203,4,9
0,0,1,963,0.723,0.346,0.411,0.316,208,5,7
0,1,0,1200,0.932,0.136,0.536,0.399,223,4,8
0,1,0,571,0.276,0.617,0.162,0.14,192,2,9
0,1,0,1043,0.508,0.224,0.336,0.256,221,1,10
0,0,1,1454,0.877,0.309,0.642,0.643,230,3,11
1,1,0,802,0.475,0.275,0.746,0.648,223,2,1
1,1,0,1481,0.684,0.182,0.537,0.201,266,3,2
0,1,1,1203,0.298,0.302,0.269,0.267,191,1,3
0,0,0,1007,0.871,0.546,0.609,0.672,189,4,4
0,1,1,506,0.437,0.323,0.497,0.326,176,5,5
0,0,0,1270,0.245,0.631,0.532,0.684,220,2,6
0,0,0,1150,0.452,0.557,0.29,0.285,219,3,7
0,0,0,903,0.806,0.194,0.465,0.327,181,1,8
0,1,0,590,0.381,0.327,0.73,0.133,201,4,9
0,0,0,814,0.979,0.107,0.163,0.315,213,5,10
1,1,1,636,0.935,0.152,0.257,0.19,180,4,9
0,1,0,1315,0.225,0.683,0.346,0.658,255,3,1
0,0,0,1010,0.875,0.12,0.248,0.319,198,5,2
1,0,0,728,0.447,0.659,0.274,0.214,208,4,3
1,1,1,1398,0.243,0.458,0.11,0.141,250,2,4
1,1,0,1217,0.391,0.197,0.402,0.155,200,1,5
1,0,0,1140,0.614,0.11,0.443,0.109,270,3,6
1,0,1,1355,0.829,0.357,0.45,0.291,218,5,7
1,1,1,806,0.6,0.541,0.184,0.556,222,4,8
0,0,0,1023,0.689,0.368,0.84,0.677,178,3,1
0,0,0,1422,0.622,0.238,0.463,0.156,203,5,2
0,1,0,769,0.651,0.156,0.557,0.552,217,4,3
0,1,0,863,0.501,0.45,0.416,0.268,273,2,4
0,0,1,1192,0.95,0.127,0.29,0.32,199,1,5
1,1,0,970,0.307,0.101,0.178,0.112,212,3,6
0,0,1,817,0.714,0.273,0.428,0.123,209,5,6
0,0,0,1150,0.664,0.593,0.168,0.561,229,3,7
1,1,1,550,0.461,0.197,0.493,0.423,246,2,8
0,0,0,1090,0.857,0.123,0.552,0.488,205,4,9
0,1,0,818,0.277,0.33,0.213,0.152,209,1,10
1,1,1,1128,0.776,0.225,0.21,0.17,215,5,11
0,1,0,1313,0.877,0.508,0.625,0.616,195,3,12
0,0,0,1426,0.346,0.213,0.347,0.155,221,5,1
1,1,0,589,0.923,0.557,0.576,0.485,190,3,2
1,0,0,1463,0.504,0.624,0.242,0.286,233,2,3
1,1,0,889,0.459,0.39,0.699,0.611,183,4,4
0,0,1,851,0.563,0.307,0.381,0.36,208,1,5
1,1,0,537,0.731,0.343,0.258,0.373,220,5,6
1,1,0,1222,0.209,0.695,0.265,0.194,259,3,7
0,1,0,859,0.455,0.239,0.468,0.354,225,2,8
0,1,1,711,0.679,0.122,0.605,0.143,213,2,6
0,1,0,1406,0.353,0.623,0.582,0.605,185,3,7
1,0,0,1002,0.359,0.405,0.103,0.105,202,4,8
0,1,0,1304,0.33,0.277,0.398,0.325,177,5,9
0,0,0,581,0.922,0.107,0.414,0.313,183,1,10
1,0,0,669,0.277,0.128,0.419,0.35,261,2,11
0,1,1,1021,0.801,0.316,0.53,0.452,269,3,12
0,1,0,1105,0.694,0.171,0.853,0.405,207,4,13
0,1,0,544,0.395,0.332,0.271,0.353,189,5,14
1,0,1,826,0.928,0.152,0.205,0.269,213,1,15
0,0,0,1333,0.983,0.154,0.472,0.388,179,5,1
1,0,0,749,1,0.678,0.525,0.236,236,3,2
0,0,1,826,0.918,0.588,0.1,0.189,261,2,3
0,0,0,866,0.267,0.507,0.459,0.509,217,4,4
1,0,0,607,0.338,0.156,0.411,0.357,222,1,5
0,1,0,1439,0.711,0.216,0.756,0.328,179,4,3
1,0,0,1009,0.915,0.243,0.439,0.258,177,5,4
1,1,1,1003,0.936,0.365,0.124,0.298,181,1,5
0,1,0,1161,0.27,0.427,0.762,0.383,273,2,6
1,0,0,1231,0.229,0.244,0.869,0.441,189,3,7
0,1,1,989,0.635,0.116,0.371,0.403,187,4,8
0,0,0,989,0.787,0.389,0.251,0.324,179,5,9
0,0,0,813,0.443,0.358,0.359,0.318,221,1,10
0,1,0,1038,0.441,0.679,0.871,0.285,214,2,11
1,0,1,1097,0.437,0.324,0.415,0.648,271,3,12
0,0,0,888,0.229,0.665,0.733,0.171,179,2,1
0,1,0,1030,0.595,0.477,0.407,0.421,229,3,2
0,0,0,849,0.342,0.393,0.814,0.647,195,4,3
0,1,1,644,0.314,0.242,0.441,0.39,200,5,4
0,1,0,634,0.445,0.33,0.301,0.31,189,1,5
0,1,0,877,0.842,0.628,0.792,0.674,206,4,3
1,1,0,645,0.813,0.356,0.363,0.297,210,5,4
1,0,1,532,0.661,0.357,0.238,0.671,196,2,5
1,1,0,1101,0.835,0.375,0.14,0.163,198,1,6
0,0,1,1051,0.721,0.156,0.249,0.155,192,3,7
0,0,0,1287,0.872,0.155,0.256,0.67,189,4,8
1,0,0,1284,0.278,0.189,0.339,0.157,203,5,9
0,1,1,737,0.33,0.419,0.672,0.481,232,2,10
0,1,1,1431,0.512,0.27,0.106,0.283,180,1,11
0,1,0,1082,0.927,0.24,0.221,0.553,227,3,12
1,1,0,1167,0.839,0.299,0.622,0.19,182,4,13
0,1,1,890,0.355,0.239,0.32,0.246,211,5,14
1,0,0,1355,0.542,0.214,0.72,0.102,189,2,15
1,0,0,735,0.853,0.403,0.498,0.459,259,2,1
1,1,0,1475,0.286,0.476,0.462,0.146,234,3,2
0,1,0,1187,0.899,0.474,0.706,0.604,240,3,7
0,0,1,1084,0.593,0.392,0.328,0.179,175,5,8
0,1,0,1098,0.865,0.58,0.557,0.222,176,4,9
1,0,0,694,0.32,0.123,0.176,0.182,217,1,10
1,1,1,643,0.914,0.318,0.542,0.23,189,2,11
0,1,0,1014,0.874,0.547,0.737,0.244,204,3,12
1,0,1,1474,0.465,0.16,0.248,0.114,202,5,13
1,1,0,1299,0.464,0.146,0.442,0.303,192,1,1
1,0,0,1101,0.619,0.686,0.892,0.528,225,3,2
1,1,1,1360,0.447,0.476,0.771,0.199,221,4,3
1,0,1,993,0.477,0.187,0.157,0.104,208,5,4
1,1,0,810,0.746,0.674,0.35,0.457,203,2,5
1,1,1,1456,0.499,0.168,0.452,0.187,181,1,6
0,1,0,1150,0.353,0.373,0.428,0.184,221,1,1
0,1,1,1085,0.485,0.138,0.809,0.622,225,3,2
1,0,0,1088,0.677,0.393,0.415,0.339,200,5,3
0,0,0,1270,0.204,0.618,0.58,0.482,222,4,4
1,0,1,1447,0.766,0.31,0.197,0.309,205,1,5
0,1,0,805,0.682,0.163,0.47,0.617,224,2,6
0,0,0,959,0.79,0.262,0.401,0.178,236,3,7
0,1,0,1337,0.534,0.399,0.476,0.103,182,5,8
1,0,0,911,0.763,0.461,0.12,0.646,175,4,9
1,1,0,702,0.54,0.28,0.286,0.28,185,1,10
1,1,1,882,0.765,0.589,0.528,0.348,254,2,11
0,1,0,856,0.52,0.577,0.729,0.399,220,2,1
1,1,1,1282,0.456,0.591,0.741,0.408,224,3,2
0,1,0,1288,0.564,0.214,0.341,0.171,188,5,3
1,1,1,955,0.762,0.636,0.398,0.264,199,4,4
1,0,1,772,0.275,0.359,0.152,0.3,197,1,5
0,1,0,1138,0.295,0.568,0.715,0.103,186,2,6
0,0,1,1425,0.39,0.191,0.398,0.231,185,5,12
1,0,0,1397,0.829,0.177,0.1,0.243,219,1,13
1,1,0,668,0.376,0.256,0.356,0.631,196,2,1
0,1,1,889,0.963,0.173,0.428,0.233,200,5,2
0,1,0,807,0.52,0.33,0.443,0.135,222,1,3
0,0,0,1290,0.788,0.12,0.613,0.599,215,4,4
1,1,0,974,0.561,0.285,0.453,0.511,264,3,5
0,1,0,1257,0.521,0.18,0.585,0.307,248,2,6
1,1,0,868,0.398,0.168,0.117,0.176,194,5,7
1,0,0,914,0.654,0.389,0.261,0.336,223,1,8
1,1,1,1389,0.754,0.102,0.116,0.125,219,4,9
0,0,0,1148,0.701,0.153,0.624,0.576,254,3,10
1,0,1,1219,0.729,0.406,0.193,0.576,210,2,11
0,1,0,937,0.887,0.349,0.371,0.479,192,2,1
1,0,0,955,0.769,0.673,0.146,0.419,206,3,2
0,1,1,543,0.467,0.28,0.42,0.198,190,2,14
0,0,1,997,0.372,0.323,0.434,0.348,192,1,15
0,0,0,1430,0.411,0.594,0.659,0.135,191,4,16
1,1,1,1375,0.687,0.317,0.428,0.199,178,5,17
1,0,0,1077,0.909,0.135,0.71,0.477,266,2,1
1,0,1,757,0.434,0.379,0.156,0.349,198,5,2
0,1,0,866,0.383,0.236,0.387,0.362,177,1,3
0,0,0,1053,0.252,0.611,0.726,0.445,181,4,4
1,1,0,1263,0.658,0.175,0.469,0.22,196,3,5
0,1,0,1344,0.282,0.19,0.454,0.492,189,2,6
1,0,0,1378,0.567,0.105,0.324,0.208,218,5,7
1,1,1,1029,0.978,0.163,0.209,0.29,198,1,8
0,1,0,1145,0.619,0.499,0.777,0.658,178,4,9
0,1,1,1446,0.6,0.298,0.859,0.429,273,3,10
0,0,0,1025,0.993,0.266,0.121,0.33,191,2,11
0,0,1,852,0.665,0.355,0.436,0.382,176,3,8
1,1,0,1080,0.934,0.61,0.881,0.557,179,2,9
0,1,0,864,0.558,0.397,0.899,0.599,189,4,1
1,1,1,576,0.436,0.208,0.295,0.345,194,5,2
1,0,0,973,0.692,0.372,0.384,0.667,267,3,3
1,1,0,1056,0.303,0.448,0.415,0.131,264,2,4
1,0,0,1409,0.956,0.216,0.17,0.224,222,1,5
0,0,1,824,0.56,0.312,0.829,0.562,196,4,6
1,1,1,1403,0.429,0.39,0.2,0.312,221,5,7
0,0,1,626,0.212,0.111,0.583,0.229,197,3,8
0,1,0,565,0.463,0.378,0.536,0.42,227,2,9
0,0,1,1013,0.645,0.252,0.342,0.399,209,1,10
0,1,0,846,0.692,0.257,0.759,0.674,212,4,11
0,0,1,861,0.796,0.25,0.204,0.294,176,5,12
0,1,0,556,0.255,0.103,0.24,0.58,235,3,13
0,0,0,964,0.499,0.105,0.817,0.664,193,4,1
0,1,0,501,0.756,0.452,0.755,0.524,233,3,2
1,0,1,529,0.781,0.28,0.177,0.379,208,5,3
1,1,0,676,0.692,0.237,0.387,0.167,178,2,4
1,1,0,1272,0.518,0.168,0.106,0.273,208,1,5
1,0,0,953,0.271,0.276,0.271,0.125,194,4,6
1,1,1,1304,0.395,0.199,0.381,0.215,254,3,7
1,1,0,953,0.669,0.215,0.115,0.192,216,5,8
1,1,0,730,0.384,0.439,0.553,0.186,218,4,1
0,1,0,597,0.619,0.325,0.46,0.264,209,5,2
1,0,0,861,0.224,0.212,0.863,0.406,229,3,3
1,1,0,1133,0.407,0.501,0.263,0.685,207,2,4
0,1,0,874,0.311,0.342,0.211,0.348,202,1,5
1,1,1,691,0.519,0.219,0.497,0.179,203,4,6
1,0,0,675,0.23,0.249,0.355,0.32,212,5,7
0,1,0,1345,0.456,0.117,0.483,0.323,181,5,12
0,1,0,1147,0.804,0.323,0.241,0.139,220,2,13
1,1,0,580,0.434,0.283,0.786,0.56,231,3,14
0,1,0,884,0.67,0.453,0.161,0.283,218,4,1
1,0,0,981,0.823,0.15,0.88,0.663,251,3,2
1,0,0,1050,0.57,0.262,0.117,0.239,214,5,3
1,1,0,696,0.911,0.43,0.886,0.264,204,2,4
1,0,0,609,0.465,0.39,0.124,0.329,210,1,5
0,0,1,1417,0.867,0.684,0.684,0.501,185,4,6
0,1,0,849,0.24,0.187,0.543,0.427,228,3,7
0,1,0,832,0.793,0.178,0.342,0.281,186,5,8
0,0,0,1199,0.821,0.128,0.755,0.171,237,2,9
0,1,0,1288,0.885,0.215,0.393,0.224,179,1,10
1,1,0,1172,0.902,0.166,0.305,0.24,217,4,11
1,0,1,1194,0.927,0.511,0.778,0.336,255,3,12
0,1,0,750,0.734,0.407,0.263,0.384,211,4,6
1,1,0,1226,0.276,0.541,0.235,0.684,196,3,9
1,1,0,846,0.279,0.175,0.41,0.393,200,5,7
1,0,0,1476,0.726,0.676,0.222,0.186,251,2,8
0,0,0,1152,0.764,0.105,0.731,0.278,178,4,1
0,0,1,1057,0.796,0.173,0.277,0.151,178,5,2
1,0,0,746,0.461,0.57,0.681,0.345,175,2,3
1,0,1,1085,0.805,0.191,0.487,0.59,177,3,4
1,1,1,979,0.639,0.121,0.298,0.354,221,1,5
0,1,0,1409,0.385,0.477,0.825,0.542,178,4,6
1,1,0,630,0.603,0.291,0.207,0.355,180,5,7
0,0,1,506,0.234,0.273,0.337,0.122,247,2,8
0,1,0,1370,0.651,0.172,0.41,0.407,214,3,9
0,1,0,875,0.516,0.378,0.425,0.265,175,1,10
1,0,0,551,0.868,0.691,0.405,0.426,181,4,11
0,1,1,1407,0.921,0.587,0.395,0.359,218,4,12
1,1,1,1148,0.715,0.217,0.181,0.216,192,5,13
0,1,0,1096,0.263,0.286,0.531,0.269,193,2,1
1,0,0,1212,0.458,0.421,0.53,0.448,192,4,2
0,0,1,759,0.439,0.121,0.336,0.123,194,5,3
0,0,0,1316,0.548,0.636,0.574,0.347,244,3,4
1,0,0,973,0.247,0.271,0.346,0.326,223,4,1
1,1,0,943,0.355,0.377,0.322,0.255,204,1,5
1,1,1,512,0.717,0.11,0.494,0.355,198,5,2
0,1,1,549,0.954,0.178,0.57,0.165,183,2,6
1,0,0,1144,0.673,0.113,0.213,0.35,242,2,3
1,0,0,1152,0.792,0.408,0.422,0.586,192,4,7
0,0,0,523,0.716,0.572,0.164,0.486,198,3,4
1,1,0,874,0.206,0.282,0.311,0.252,212,1,5
1,0,0,1306,0.806,0.253,0.408,0.355,185,5,8
1,1,0,723,0.595,0.212,0.175,0.572,180,2,6
1,0,0,635,0.623,0.47,0.638,0.592,196,4,7
0,0,0,1208,0.598,0.311,0.242,0.542,247,2,1
1,0,0,1404,0.643,0.229,0.37,0.14,214,5,8
1,0,1,678,0.246,0.224,0.303,0.194,184,4,2
1,0,1,1011,0.314,0.287,0.154,0.475,272,3,9
0,1,0,1374,0.365,0.387,0.48,0.181,182,5,3
0,0,1,618,0.53,0.459,0.687,0.572,193,3,4
1,1,1,832,0.665,0.115,0.174,0.231,207,1,5
0,1,0,1031,0.391,0.242,0.386,0.149,189,2,6
1,1,1,964,0.89,0.12,0.605,0.198,220,4,7
1,1,1,1373,0.314,0.277,0.367,0.213,209,5,8
0,1,1,660,0.347,0.326,0.599,0.376,234,3,9
0,1,1,836,0.821,0.149,0.436,0.315,221,1,10
1,1,0,692,0.203,0.27,0.27,0.181,232,2,11
0,1,1,748,0.342,0.356,0.269,0.379,218,5,3
1,0,0,1126,0.619,0.484,0.613,0.648,211,3,4
1,1,0,1412,0.397,0.337,0.477,0.338,192,1,5
1,1,1,899,0.849,0.306,0.103,0.17,185,2,6
0,0,0,1384,0.684,0.103,0.548,0.525,215,4,7
0,0,0,554,0.296,0.274,0.316,0.334,178,5,8
0,1,1,713,0.653,0.454,0.519,0.669,255,3,9
1,1,0,844,0.81,0.256,0.357,0.332,218,1,10
0,1,1,981,0.441,0.234,0.876,0.442,273,2,11
1,1,0,1442,0.884,0.136,0.384,0.399,220,4,12
1,0,0,1144,0.455,0.239,0.397,0.181,196,2,1
1,1,0,1491,0.52,0.302,0.195,0.232,193,4,2
0,0,1,1149,0.885,0.168,0.248,0.13,190,5,3
0,1,1,858,0.84,0.557,0.392,0.406,272,3,4
0,0,1,1449,0.649,0.25,0.433,0.127,194,1,5
1,0,1,1328,0.429,0.609,0.243,0.657,194,2,5
0,1,0,772,0.823,0.179,0.161,0.354,205,1,6
1,1,1,1057,0.292,0.54,0.734,0.646,250,3,7
0,0,0,1418,0.242,0.119,0.29,0.255,191,5,8
0,0,0,675,0.978,0.241,0.28,0.533,183,4,9
0,1,1,1121,0.975,0.135,0.722,0.537,201,2,10
1,1,0,1263,0.636,0.297,0.162,0.308,213,1,11
1,0,0,1109,0.898,0.232,0.235,0.329,178,1,1
1,0,1,1246,0.208,0.384,0.26,0.466,260,3,2
1,0,1,1040,0.405,0.286,0.173,0.235,208,5,3
1,1,1,887,0.972,0.205,0.435,0.317,219,4,4
1,1,1,503,0.582,0.408,0.491,0.662,240,2,5
1,1,0,519,0.254,0.127,0.125,0.173,216,1,6
0,0,0,1321,0.512,0.626,0.476,0.527,200,2,1
1,1,0,824,0.508,0.275,0.627,0.264,193,4,2
0,1,0,997,0.566,0.379,0.429,0.281,266,3,7
1,1,0,581,0.681,0.155,0.217,0.26,196,1,1
1,1,0,901,0.719,0.635,0.462,0.166,200,3,2
0,1,0,954,0.276,0.235,0.389,0.522,221,4,3
0,1,1,776,0.894,0.133,0.324,0.337,209,5,4
0,1,0,666,0.555,0.65,0.183,0.216,187,2,5
1,1,0,1078,0.215,0.14,0.128,0.138,208,1,6
1,1,1,1333,0.467,0.158,0.635,0.309,230,3,7
1,0,0,1342,0.473,0.112,0.864,0.113,192,4,8
0,0,1,1027,0.435,0.238,0.128,0.347,179,5,9
1,1,1,649,0.701,0.233,0.533,0.164,273,2,10
1,1,0,985,0.803,0.104,0.39,0.345,224,1,1
1,1,0,1053,0.748,0.322,0.314,0.398,190,3,2
0,0,1,1171,0.883,0.128,0.496,0.272,211,5,3
1,0,1,1117,0.841,0.112,0.63,0.436,209,4,4
0,0,1,1354,0.354,0.355,0.266,0.27,186,5,3
1,0,1,1420,0.263,0.19,0.606,0.417,215,4,4
0,1,0,1211,0.307,0.289,0.788,0.194,234,2,5
0,0,0,992,0.308,0.313,0.182,0.457,247,3,6
0,1,0,811,0.895,0.265,0.493,0.129,194,1,7
1,0,0,1278,0.808,0.163,0.489,0.251,194,5,8
1,1,0,1141,0.593,0.561,0.454,0.456,207,4,9
0,0,0,787,0.208,0.409,0.793,0.649,235,2,10
1,1,0,1437,0.641,0.214,0.786,0.541,271,3,11
1,1,0,1497,0.672,0.363,0.434,0.122,199,1,1
1,1,0,828,0.248,0.196,0.243,0.339,270,3,2
0,0,0,551,0.259,0.376,0.492,0.307,192,4,3
0,0,0,874,0.845,0.281,0.286,0.274,182,5,4
0,1,0,560,0.835,0.524,0.388,0.604,254,2,5
1,0,1,852,0.714,0.334,0.403,0.256,223,1,6
0,0,0,618,0.709,0.614,0.764,0.372,246,3,8
0,0,0,1203,0.485,0.602,0.614,0.351,187,2,9
1,0,1,1423,0.708,0.168,0.311,0.289,214,1,10
0,1,0,1348,0.67,0.112,0.161,0.149,187,5,1
1,1,1,1273,0.276,0.584,0.501,0.547,208,4,2
0,1,0,709,0.593,0.607,0.313,0.494,208,3,3
0,1,0,741,0.893,0.307,0.772,0.578,180,2,4
1,0,0,569,0.655,0.147,0.124,0.139,220,1,5
1,1,1,1293,0.224,0.244,0.107,0.174,198,5,6
1,1,0,1330,0.782,0.656,0.663,0.335,200,4,7
1,0,0,693,0.26,0.537,0.464,0.621,217,3,8
0,0,1,1219,0.523,0.419,0.626,0.564,240,2,9
1,0,1,1419,0.606,0.155,0.129,0.385,197,1,10
1,1,0,1049,0.446,0.128,0.64,0.264,268,3,1
1,0,1,704,0.787,0.131,0.32,0.243,191,1,2
1,1,0,887,0.736,0.344,0.301,0.174,221,5,7
0,1,1,1481,0.651,0.208,0.332,0.215,218,5,13
1,1,1,1389,0.448,0.277,0.107,0.169,192,1,14
1,0,1,919,0.324,0.606,0.423,0.229,265,2,15
1,0,1,602,0.281,0.467,0.818,0.395,221,4,16
0,0,1,997,0.663,0.256,0.477,0.132,231,3,17
0,1,1,594,0.214,0.283,0.471,0.116,212,5,18
1,0,1,1475,0.717,0.14,0.5,0.384,190,1,19
0,1,0,529,0.246,0.236,0.314,0.185,208,5,1
1,0,1,1475,0.686,0.144,0.614,0.41,196,4,2
0,1,0,1017,0.759,0.567,0.327,0.617,215,3,3
0,0,1,1467,0.505,0.413,0.875,0.107,185,2,4
1,0,1,1085,0.217,0.135,0.267,0.375,215,1,5
1,1,1,747,0.568,0.273,0.364,0.389,200,5,6
1,0,1,819,0.742,0.622,0.84,0.282,210,4,7
1,0,0,544,0.267,0.313,0.698,0.635,235,3,8
0,1,1,536,0.213,0.508,0.669,0.698,209,2,5
0,0,1,892,0.883,0.426,0.679,0.128,223,4,6
0,0,1,1307,0.514,0.312,0.515,0.564,213,3,7
0,1,0,1096,0.937,0.544,0.714,0.534,244,2,1
0,1,0,614,0.702,0.282,0.342,0.22,200,5,8
1,0,0,923,0.585,0.228,0.224,0.195,216,5,2
0,1,1,808,0.589,0.117,0.476,0.107,204,1,9
0,0,1,634,0.271,0.2,0.474,0.354,195,3,3
0,1,1,1257,0.291,0.335,0.87,0.459,266,2,10
0,0,0,1343,0.661,0.122,0.279,0.582,181,4,4
0,0,0,826,0.258,0.226,0.34,0.347,198,1,5
1,0,1,956,0.259,0.466,0.101,0.428,196,4,11
1,0,1,793,0.933,0.29,0.883,0.182,177,2,6
0,1,1,718,0.749,0.314,0.505,0.199,201,3,12
1,1,0,1059,0.264,0.195,0.669,0.265,216,4,4
1,0,0,992,0.846,0.216,0.136,0.134,212,1,5
1,0,0,1044,0.384,0.439,0.214,0.37,270,2,6
1,1,0,1364,0.48,0.351,0.249,0.188,204,5,7
1,0,0,643,0.375,0.555,0.2,0.666,185,2,1
1,1,1,1488,0.381,0.281,0.484,0.114,184,5,2
0,1,0,1181,0.566,0.147,0.544,0.505,208,4,1
0,1,1,817,0.617,0.384,0.283,0.364,179,3,3
1,0,1,1299,0.661,0.113,0.494,0.697,178,3,2
0,0,0,1064,0.237,0.541,0.653,0.26,199,4,4
0,1,1,794,0.718,0.352,0.406,0.14,224,5,3
1,0,1,708,0.229,0.173,0.109,0.126,224,1,5
0,1,0,1214,0.209,0.167,0.247,0.286,175,1,4
1,0,0,911,0.868,0.235,0.746,0.353,252,2,6
1,1,0,1212,0.957,0.226,0.486,0.197,214,5,7
1,1,0,1467,0.953,0.306,0.352,0.294,194,4,3
1,1,0,508,0.217,0.359,0.136,0.193,196,1,4
1,1,0,948,0.596,0.131,0.12,0.282,187,5,5
1,1,0,510,0.411,0.677,0.382,0.571,207,2,6
1,1,1,938,0.214,0.641,0.882,0.1,260,3,7
1,1,1,1403,0.373,0.539,0.342,0.357,199,4,8
1,0,0,602,0.701,0.242,0.608,0.266,200,4,1
1,0,1,582,0.299,0.394,0.307,0.356,252,3,2
1,0,1,1246,0.258,0.167,0.449,0.186,180,5,3
1,0,0,1402,0.881,0.122,0.29,0.14,196,1,4
1,1,0,536,0.795,0.234,0.892,0.372,201,2,1
1,1,0,527,0.922,0.592,0.445,0.146,243,2,5
0,0,0,652,0.256,0.378,0.431,0.28,189,5,2
1,1,1,786,0.477,0.555,0.853,0.115,219,4,6
1,0,0,667,0.317,0.673,0.474,0.643,215,3,3
1,0,1,758,0.353,0.151,0.399,0.377,196,5,7
0,1,0,1286,0.228,0.598,0.745,0.571,177,2,1
1,1,1,1239,0.847,0.128,0.734,0.352,268,3,2
0,0,1,1059,0.909,0.297,0.218,0.138,192,4,3
0,1,0,942,0.988,0.183,0.351,0.264,175,1,4
1,0,1,1194,0.578,0.244,0.206,0.166,180,5,5
0,1,1,792,0.653,0.486,0.142,0.488,236,2,6
1,1,1,1168,0.744,0.104,0.623,0.648,220,3,7
0,0,1,897,0.529,0.533,0.726,0.684,223,4,8
0,0,1,608,0.703,0.269,0.44,0.317,208,1,9
1,1,0,625,0.833,0.356,0.116,0.287,223,5,10
1,1,1,1200,0.725,0.68,0.721,0.254,186,2,11
1,0,0,1432,0.232,0.198,0.749,0.4,219,3,12
0,1,0,1064,0.451,0.247,0.569,0.496,209,2,1
0,0,1,920,0.948,0.176,0.821,0.63,218,3,2
1,0,0,693,0.681,0.376,0.403,0.372,200,5,8
1,1,0,793,0.543,0.306,0.226,0.134,202,4,9
0,1,0,1028,0.294,0.103,0.198,0.231,202,1,1
1,0,1,1398,0.281,0.145,0.367,0.115,177,5,2
1,1,0,827,0.624,0.36,0.755,0.392,249,2,3
1,1,1,638,0.862,0.108,0.784,0.126,183,3,4
1,0,0,739,0.377,0.197,0.26,0.518,189,4,5
1,0,0,1350,0.489,0.127,0.16,0.251,221,1,6
1,0,0,1068,0.304,0.166,0.262,0.12,197,5,7
1,0,0,746,0.366,0.157,0.42,0.131,222,1,1
1,0,1,581,0.52,0.297,0.355,0.141,218,5,2
1,0,0,680,0.301,0.143,0.718,0.613,259,2,3
1,0,1,820,0.401,0.402,0.751,0.617,260,3,4
0,0,0,801,0.388,0.3,0.657,0.547,203,4,5
1,1,1,989,0.244,0.175,0.42,0.154,196,1,6
0,0,1,610,0.238,0.478,0.212,0.374,269,3,2
0,0,0,1231,0.917,0.15,0.153,0.384,190,4,4
1,1,1,1422,0.989,0.155,0.122,0.677,206,2,5
0,0,1,1127,0.511,0.32,0.166,0.361,208,1,6
0,0,1,976,0.311,0.427,0.153,0.26,183,3,7
0,0,0,1185,0.942,0.163,0.48,0.183,186,5,8
1,0,1,1457,0.36,0.56,0.385,0.674,205,4,9
0,1,1,1017,0.507,0.203,0.619,0.65,191,2,10
1,1,1,924,0.549,0.282,0.433,0.311,223,1,11
1,1,0,1124,0.893,0.142,0.385,0.156,201,1,1
0,0,0,612,0.795,0.155,0.216,0.694,245,3,2
1,0,0,818,0.857,0.279,0.361,0.145,220,5,3
1,0,1,844,0.753,0.276,0.456,0.505,185,4,4
0,0,0,517,0.484,0.302,0.19,0.477,248,2,5
0,1,1,1029,0.537,0.187,0.414,0.301,206,1,6
1,1,1,545,0.819,0.601,0.796,0.452,263,3,7
0,1,1,1397,0.593,0.487,0.392,0.382,227,3,6
1,1,0,1327,0.741,0.138,0.64,0.266,271,2,7
1,1,1,1395,0.213,0.302,0.23,0.389,218,5,8
1,1,0,1108,0.923,0.182,0.266,0.209,191,1,9
0,0,0,573,0.871,0.55,0.755,0.697,261,3,1
1,1,1,1105,0.734,0.332,0.265,0.521,183,2,2
1,0,0,1177,0.72,0.238,0.458,0.161,222,5,3
1,1,0,573,0.359,0.334,0.463,0.14,202,1,4
1,0,1,1139,0.829,0.64,0.411,0.135,224,4,5
1,1,1,950,0.499,0.412,0.723,0.32,271,3,6
0,0,1,1016,0.693,0.63,0.573,0.254,201,2,7
1,1,1,985,0.255,0.349,0.41,0.164,205,5,8
1,0,0,1203,0.703,0.286,0.134,0.11,197,1,1
1,0,1,1297,0.597,0.316,0.167,0.663,259,3,2
1,1,1,645,0.473,0.133,0.484,0.185,216,5,3
1,0,0,784,0.691,0.482,0.661,0.371,237,3,1
1,1,0,870,0.505,0.271,0.427,0.153,260,2,2
1,0,0,694,0.246,0.371,0.361,0.308,220,5,3
0,0,0,1429,0.934,0.255,0.444,0.279,209,1,4
1,1,0,1352,0.862,0.194,0.218,0.321,215,4,5
0,1,0,502,0.505,0.142,0.852,0.249,254,3,6
0,0,0,1315,0.721,0.664,0.156,0.641,182,2,7
0,0,0,955,0.502,0.166,0.408,0.245,185,5,8
0,0,0,1469,0.476,0.258,0.474,0.282,183,1,9
0,1,0,1260,0.356,0.696,0.751,0.626,180,4,10
0,1,0,596,0.754,0.52,0.745,0.537,208,3,1
0,0,1,890,0.82,0.581,0.797,0.444,207,2,2
0,0,1,933,0.728,0.141,0.396,0.174,185,5,3
0,0,0,876,0.938,0.267,0.214,0.104,223,1,4
1,0,0,960,0.416,0.661,0.542,0.32,179,4,5
1,1,0,1147,0.413,0.226,0.702,0.582,196,4,7
0,1,0,877,0.926,0.576,0.151,0.624,261,2,1
1,0,0,945,0.834,0.522,0.703,0.112,216,4,2
1,0,0,1221,0.225,0.209,0.283,0.219,199,5,3
1,1,0,1218,0.48,0.373,0.103,0.617,209,3,4
1,0,0,1437,0.607,0.27,0.446,0.361,180,1,5
1,1,1,973,0.279,0.229,0.387,0.376,192,2,6
0,0,0,1265,0.332,0.415,0.165,0.491,185,4,7
1,0,1,1484,0.862,0.191,0.486,0.323,216,5,8
0,0,0,563,0.21,0.475,0.2,0.369,224,3,1
0,0,0,1055,0.721,0.696,0.23,0.141,258,2,2
0,1,0,1056,0.964,0.396,0.337,0.278,204,5,3
1,1,0,1364,0.41,0.197,0.32,0.174,185,1,4
1,0,0,670,0.613,0.337,0.671,0.63,198,4,5
0,1,1,1441,0.575,0.667,0.828,0.419,192,3,6
1,1,0,876,0.543,0.366,0.633,0.227,191,4,2
1,0,0,1482,0.761,0.155,0.159,0.376,180,5,3
1,0,1,840,0.803,0.532,0.705,0.137,198,3,4
1,1,0,1008,0.233,0.281,0.492,0.203,178,1,5
1,1,1,624,0.927,0.698,0.874,0.658,268,2,6
1,0,0,1392,0.363,0.26,0.472,0.462,183,4,7
1,0,0,1381,0.627,0.475,0.753,0.581,192,2,1
1,1,0,882,0.906,0.259,0.455,0.432,191,4,2
1,1,0,781,0.682,0.252,0.114,0.103,189,5,3
1,1,0,1464,0.659,0.108,0.764,0.162,268,3,4
0,0,0,1029,0.343,0.264,0.241,0.375,210,1,5
1,0,0,529,0.552,0.606,0.539,0.322,242,2,6
0,0,0,626,0.953,0.32,0.312,0.517,274,2,1
